Linea_finanziamento|REGIONE|PROVINCIA|COMUNE|COD_COMUNE|FONTE|Data_aggiornamento_lavori|Data_inizio|Data_fine|ENTE_RICHIEDENTE|TIPOLOGIA_ENTE_RICHIEDENTE|CODICEEDIFICIO|COD_PRINC|COD_MPI|NOME_SCUOLA|OGGETTO_INTERVENTO|INFO_AGGIUNTIVE|CENTRO_COMUNE|LATITUDINE|LONGITUDINE|TIPO_INTERVENTO|STATO LAVORI|CUP|Importo totale opera|Finanziamento/ Provvedimento
#Scuole Sicure - CIPE 30/06/2014|Piemonte|Cuneo|Alba|004003|MIUR|2017-03-30|2015-07-01|2016-01-26|CUNEO|COMUNE|||CNEE06001N|ALBA CAP. VIA F.LLI AMBROGIO|ALBA CAP. VIA F.LLI AMBROGIO||Si|44.7009|8.035689999999999|Manutenzione Straordinaria|Concluso|I86E11000370005|280000.0|280000.0
#Scuole Sicure - CIPE 30/06/2014|Piemonte|Cuneo|Albaretto della Torre|004004|MIUR|2017-03-30|2014-12-24|2015-06-22|ALBARETTO DELLA TORRE|COMUNE|||CNAA81401N|ALBARETTO DELLA TORRE-CAPOLUOGO|ALBARETTO DELLA TORRE-CAPOLUOGO||Si|44.5955|8.06519|Adeguamento normativo|Concluso|E93J13002870006|275000.0|275000.0
#Scuole Sicure - CIPE 30/06/2014|Piemonte|Cuneo|Bastia Mondovì|004014|MIUR|2017-03-30|2015-07-14|2015-11-04|BASTIA MONDOVI`|COMUNE|||CNEE80601X|BASTIA MONDOVI`|BASTIA MONDOVI`||Si|44.4426|7.89325|Manutenzione Straordinaria|Concluso|C14H14001020006|150000.0|150000.0
#Scuole Sicure - CIPE 30/06/2014|Piemonte|Cuneo|Bossolasco|004027|MIUR|2017-03-30|2015-05-18|2016-04-26|BOSSOLASCO|COMUNE|0040270002|CNIC81400R|CNAA81403Q|BOSSOLASCO-CAPOLUOGO|||Si|44.5275|8.05062|Efficientamento energetico|Concluso|E44H13000140001|325000.0|325000.0
#Scuole Sicure - CIPE 30/06/2014|Piemonte|Cuneo|Bra|004029|MIUR|2017-03-30|2015-06-16|2015-08-14|BRA|COMUNE|||CNEE064022|BRA-CAP.VENERIA|BRA-CAP.VENERIA||Si|44.6923|7.855119999999999|Efficientamento energetico|Concluso|G74H14000500001|167561.44|167561.44
#Scuole Sicure - CIPE 30/06/2014|Piemonte|Cuneo|Busca|004034|MIUR|2017-03-30|2015-05-13|2015-09-04|BUSCA|COMUNE|||CNMM850011|"BUSCA ""G.CARDUCCI"""|"BUSCA ""G.CARDUCCI"""||Si|44.5169|7.47796|Adeguamento normativo|Concluso|G31E14000420001|255000.0|255000.0
#Scuole Sicure - CIPE 30/06/2014|Piemonte|Cuneo|Caramagna Piemonte|004041|MIUR|2017-03-30|2015-07-01|2015-08-30|CARAMAGNA PIEMONTE|COMUNE|||CNEE83806L|CARAMAGNA PIEMONTE - CAPOL.|CARAMAGNA PIEMONTE - CAPOL.||Si|44.7803|7.73885|Efficientamento energetico|Concluso|H11E11000070000|135371.05|135371.05
#Scuole Sicure - CIPE 30/06/2014|Piemonte|Cuneo|Carrù|004043|MIUR|2017-03-30|2015-07-09|2015-10-07|CARRU`|COMUNE|||CNAA80603R|CARRU`|CARRU`||Si|44.4797|7.87352|Manutenzione Straordinaria|Cantiere aperto|J34H14000770001|250000.0|250000.0
#Scuole Sicure - CIPE 30/06/2014|Piemonte|Cuneo|Castelletto Uzzone|004050|MIUR|2017-03-30|2015-04-13|2015-11-09|CASTELLETTO UZZONE|COMUNE|||CNEE81601E|CASTELLETTO UZZONE - CAPOL.|CASTELLETTO UZZONE - CAPOL.||Si|44.4933|8.189869999999999|Manutenzione Straordinaria|Concluso|H11E14000400003|297500.0|297500.0
#Scuole Sicure - CIPE 30/06/2014|Piemonte|Cuneo|Ceva|004066|MIUR|2017-03-30|2015-07-16|2016-01-11|CUNEO|PROVINCIA|0040660004||CNPS01101X|CEVA -  G.BARUFFI |CEVA - G.BARUFFI||Si|44.3863|8.02908|Adeguamento normativo|Concluso|I86E10000480003|200000.0|200000.0
#Scuole Sicure - CIPE 30/06/2014|Piemonte|Cuneo|Costigliole Saluzzo|004075|MIUR|2017-03-30|2014-12-29|2015-07-30|COSTIGLIOLE SALUZZO|COMUNE|||CNMM826047|VENASCA SS COSTIGLIOLE SALUZZO|VENASCA SS COSTIGLIOLE SALUZZO||Si|44.5648|7.484780000000001|Adeguamento normativo|Concluso|C84H14000840001|380000.0|380000.0
#Scuole Sicure - CIPE 30/06/2014|Piemonte|Cuneo|Demonte|004079|MIUR|2017-03-30|2015-07-01|2015-12-18|DEMONTE|COMUNE|||CNEE80301C|DEMONTE - CAPOLUOGO|DEMONTE - CAPOLUOGO||Si|44.3148|7.29447|Manutenzione Straordinaria|Concluso|C34H13000210001|195000.0|195000.0
#Scuole Sicure - CIPE 30/06/2014|Piemonte|Cuneo|Dronero|004082|MIUR|2017-03-30|2014-12-19|2016-08-09|DRONERO|COMUNE|||CNEE068007|DRONERO|DRONERO||Si|44.4658|7.36567|Adeguamento normativo|Concluso|E56C06000100004|650000.0|500000.0
#Scuole Sicure - CIPE 30/06/2014|Piemonte|Cuneo|Farigliano|004086|MIUR|2017-03-30|2014-07-22|2014-11-18|FARIGLIANO|COMUNE|||CNMM84602A|DOGLIANI  SS FARIGLIANO|DOGLIANI SS FARIGLIANO||Si|44.5116|7.9175699999999996|Adeguamento normativo|Concluso|I17E11000170009|190000.0|182969.08
#Scuole Sicure - CIPE 30/06/2014|Piemonte|Cuneo|Garessio|004095|MIUR|2017-03-30|2015-06-30|2015-09-30|GARESSIO|COMUNE|||CNEE83602R|SCUOLA PRIMARIA DI GARESSIO|SCUOLA PRIMARIA DI GARESSIO||Si|44.2038|8.01423|Manutenzione Straordinaria|Concluso|I11E14000240001|164534.95|164534.95
#Scuole Sicure - CIPE 30/06/2014|Piemonte|Cuneo|Govone|004099|MIUR|2017-03-30|2015-06-22|2015-08-20|GOVONE|COMUNE|||CNAA82302D|GOVONE|GOVONE||Si|44.8045|8.09753|Efficientamento energetico|Concluso|C54H13000110001|434000.0|434000.0
#Scuole Sicure - CIPE 30/06/2014|Piemonte|Cuneo|La Morra|004105|MIUR|2017-03-30|2015-07-08|2015-10-31|LA MORRA|COMUNE|||CNEE819034|LA MORRA -|LA MORRA -||Si|44.6389|7.9338|Adeguamento normativo|Concluso|E24H14000660001|247000.0|247000.0
#Scuole Sicure - CIPE 30/06/2014|Piemonte|Cuneo|Magliano Alpi|004114|MIUR|2017-03-30|2015-06-15|2015-12-11|MAGLIANO ALPI|COMUNE|||CNAA80605V|MAGLIANO ALPI|MAGLIANO ALPI||Si|44.4657|7.823010000000001|Manutenzione Straordinaria|Concluso|I29D14000290001|347000.0|347000.0
#Scuole Sicure - CIPE 30/06/2014|Piemonte|Cuneo|Manta|004116|MIUR|2017-03-30|2015-02-18|2015-06-17|MANTA|COMUNE|||CNMM154016|SALUZZO SS MANTA|SALUZZO SS MANTA||Si|44.6169|7.48532|Efficientamento energetico|Concluso|E44B13000140002|380900.0|380900.0
#Scuole Sicure - CIPE 30/06/2014|Piemonte|Cuneo|Mondovì|004130|MIUR|2017-03-30|2014-07-31|2015-09-09|MONDOVI`|COMUNE|||CNEE069025|MONDOVI` CAPOL. BORGO FERRONE|MONDOVI` CAPOL. BORGO FERRONE||Si|44.3917|7.81878|Manutenzione Straordinaria|Concluso|C94H14001060001|330000.0|330000.0
#Scuole Sicure - CIPE 30/06/2014|Piemonte|Cuneo|Montà|004133|MIUR|2017-03-30|2015-05-04|2015-08-03|MONTA`|COMUNE|||CNMM821011|MONTA`|MONTA`||Si|44.8195|7.95303|Efficientamento energetico|Concluso|F37E11000400001|274847.85|274847.85
#Scuole Sicure - CIPE 30/06/2014|Piemonte|Cuneo|Monteu Roero|004140|MIUR|2017-03-30|2014-06-16|2014-09-03|MONTEU ROERO|COMUNE|||CNAA82203P|MONTEU ROERO-CAPOLUOGO|MONTEU ROERO-CAPOLUOGO||Si|44.7793|7.9385|Manutenzione Straordinaria|Concluso|G11H13000250002|250000.0|95000.0
#Scuole Sicure - CIPE 30/06/2014|Piemonte|Cuneo|Monticello d`Alba|004142|MIUR|2017-03-30|2015-06-15|2015-09-12|MONTICELLO D`ALBA|COMUNE|||CNMM15302B|ALBA MACRINO SS MONTICELLO|ALBA MACRINO SS MONTICELLO||Si|44.718|7.941739999999999|Manutenzione Straordinaria|Concluso|I31E14000550001|298000.0|298000.0
#Scuole Sicure - CIPE 30/06/2014|Piemonte|Cuneo|Morozzo|004144|MIUR|2017-03-30|2014-12-22|2015-10-31|MOROZZO|COMUNE|||CNMM80201G|"MOROZZO ""V. PEYRONE"""|"MOROZZO ""V. PEYRONE"""||Si|44.4232|7.70994|Adeguamento normativo|Start|B51E13000350001|496744.21|496744.21
#Scuole Sicure - CIPE 30/06/2014|Piemonte|Cuneo|Paesana|004157|MIUR|2017-03-30|2015-06-15|2015-09-13|PAESANA|COMUNE|||CNMM83502X|SANFRONT SS PAESANA D.L.MILANI|SANFRONT SS PAESANA D.L.MILANI||Si|44.6847|7.274360000000001|Efficientamento energetico|Concluso|C97E13000210001|236000.0|236000.0
#Scuole Sicure - CIPE 30/06/2014|Piemonte|Cuneo|Pagno|004158|MIUR|2017-03-30|2015-07-10|2015-10-10|PAGNO|COMUNE|||CNAA05903A|PAGNO|PAGNO||Si|44.6125|7.427410000000001|Efficientamento energetico|Concluso|D17E13000270002|266500.0|266500.0
#Scuole Sicure - CIPE 30/06/2014|Piemonte|Cuneo|Pocapaglia|004170|MIUR|2017-03-30|2015-06-01|2015-12-27|POCAPAGLIA|COMUNE|||CNMM820026|S.VITTORIA ALBA SS POCAPAGLIA|S.VITTORIA ALBA SS POCAPAGLIA||Si|44.7138|7.8875399999999996|Adeguamento normativo|Concluso|E43B11000330006|470000.0|470000.0
#Scuole Sicure - CIPE 30/06/2014|Piemonte|Cuneo|Priola|004177|MIUR|2017-03-30|2015-07-06|2016-06-15|PRIOLA|COMUNE|||CNEE83604V|SCUOLA PRIMARIA DI PRIOLA|SCUOLA PRIMARIA DI PRIOLA||Si|44.2404|8.02068|Efficientamento energetico|Concluso|C21E14000360001|200000.0|200000.0
#Scuole Sicure - CIPE 30/06/2014|Piemonte|Cuneo|Prunetto|004178|MIUR|2017-03-30|2015-01-27|2015-10-23|PRUNETTO|COMUNE|||CNEE81608T|"PRUNETTO - CAPOLUOGO ""A. FRESIA"|"PRUNETTO - CAPOLUOGO ""A. FRESIA"||Si|44.4884|8.14365|Manutenzione Straordinaria|Concluso|D36J14000380001|475000.0|475000.0
#Scuole Sicure - CIPE 30/06/2014|Piemonte|Cuneo|Roccaforte Mondovì|004190|MIUR|2017-03-30|2015-09-01|2015-12-31|ROCCAFORTE MONDOVI`|COMUNE|||CNEE812039|ROCCAFORTE MONDOVI`- CAPOL.|ROCCAFORTE MONDOVI`- CAPOL.||Si|44.3176|7.744489999999999|Miglioramento sismico|Concluso|F61E14000770005|400000.0|400000.0
#Scuole Sicure - CIPE 30/06/2014|Piemonte|Cuneo|Sale delle Langhe|004199|MIUR|2017-03-30|2015-05-11|2015-11-10|SALE DELLE LANGHE|COMUNE|||CNEE813024|SALE DELLE LANGHE - CAPOLUOGO|SALE DELLE LANGHE - CAPOLUOGO||Si|44.3961|8.08203|Adeguamento normativo|Concluso|C61E14000230001|134645.36|134645.36
#Scuole Sicure - CIPE 30/06/2014|Piemonte|Cuneo|Saliceto|004201|MIUR|2017-03-30|2015-03-10|2015-12-31|SALICETO|COMUNE|||CNEE81609V|"SALICETO - CAPOLUOGO ""A. MUZIO"""|"SALICETO - CAPOLUOGO ""A. MUZIO"""||Si|44.4139|8.166830000000001|Efficientamento energetico|Concluso|E86J14000450001|500000.0|500000.0
#Scuole Sicure - CIPE 30/06/2014|Piemonte|Cuneo|Salmour|004202|MIUR|2017-03-30|2015-08-24|2015-10-22|SALMOUR|COMUNE|||CNAA80701E|SALMOUR|SALMOUR||Si|44.5783|7.792330000000001|Adeguamento normativo|Cantiere aperto|F91E14000290001|303000.0|303000.0
#Scuole Sicure - CIPE 30/06/2014|Piemonte|Cuneo|Saluzzo|004203|MIUR|2017-03-30|2015-03-18|2015-07-15|CUNEO|PROVINCIA|||CNPM02101G|SALUZZO  GIACOMO SOLERI |SALUZZO GIACOMO SOLERI||No|44.647565|7.483961999999999|Adeguamento normativo|Concluso|I13B12000180003|220000.0|220000.0
#Scuole Sicure - CIPE 30/06/2014|Piemonte|Cuneo|Saluzzo|004203|MIUR|2017-03-30|2013-11-27|2013-12-26|SALUZZO|COMUNE|0042030008||CNEE05906P|SALUZZO-CAP.`C.A. DALLA CHIESA`|SALUZZO-CAP.`C.A. DALLA CHIESA`||No|44.65118|7.499317|Adeguamento normativo|Start|D16D13000310004|47000.0|47000.0
#Scuole Sicure - CIPE 30/06/2014|Piemonte|Cuneo|Santo Stefano Belbo|004213|MIUR|2017-03-30|2015-03-18|2015-09-18|SANTO STEFANO BELBO|COMUNE|||CNEE82402E|SANTO STEFANO BELBO - CAPOL.|SANTO STEFANO BELBO - CAPOL.||Si|44.6997|8.21725|Efficientamento energetico|Concluso|D24H14000120001|262000.0|262000.0
#Scuole Sicure - CIPE 30/06/2014|Piemonte|Cuneo|Scarnafigi|004217|MIUR|2017-03-30|2015-06-25|2016-06-24|SCARNAFIGI|COMUNE|||CNMM83102L|MORETTA SS SCARNAFIGI|MORETTA SS SCARNAFIGI||Si|44.6818|7.56985|Efficientamento energetico|Concluso|E64H14000480001|139000.0|139000.0
#Scuole Sicure - CIPE 30/06/2014|Piemonte|Cuneo|Sommariva del Bosco|004222|MIUR|2017-03-30|2014-12-30|2015-09-30|SOMMARIVA DEL BOSCO|COMUNE|||CNAA817015|"SOMMARIVA BOSCO ""SUOR C.DONINI"""|"SOMMARIVA BOSCO ""SUOR C.DONINI"""||Si|44.7701|7.78338|Adeguamento normativo|Start|D21E14000780001|328829.25|328829.25
#Scuole Sicure - CIPE 30/06/2014|Piemonte|Cuneo|Sommariva Perno|004223|MIUR|2017-03-30|2014-12-22|2015-12-07|SOMMARIVA PERNO|COMUNE|||CNMM818015|SOMMARIVA PERNO|SOMMARIVA PERNO||Si|44.7456|7.90154|Efficientamento energetico|Concluso|E33B12000130006|307303.44|307303.44
#Scuole Sicure - CIPE 30/06/2014|Piemonte|Cuneo|Torre Mondovì|004227|MIUR|2017-03-30|2017-03-01|2017-04-14|TORRE MONDOVI`|COMUNE|||CNAA811027|INF.  TORRE MONDOVI`-CAPOLUOGO|INF. TORRE MONDOVI`-CAPOLUOGO||Si|44.3238|7.90482|Manutenzione Straordinaria|Start|I71H13000270002|29600.0|29600.0
#Scuole Sicure - CIPE 30/06/2014|Piemonte|Cuneo|Vicoforte|004242|MIUR|2017-03-30|2015-06-30|2016-01-31|VICOFORTE|COMUNE|||CNEE81106L|G. COMINO - VICOFORTE|G. COMINO - VICOFORTE||Si|44.3737|7.87339|Adeguamento normativo|Concluso|C44H14000740001|328000.0|328000.0
#Scuole Sicure - CIPE 30/06/2014|Piemonte|Cuneo|Villanova Mondovì|004245|MIUR|2017-03-30|2015-06-12|2015-09-12|VILLANOVA MONDOVI`|COMUNE|||CNEE81204A|VILLANOVA MONDOVI` - CAPOLUOGO|VILLANOVA MONDOVI` - CAPOLUOGO||Si|44.3485|7.76748|Adeguamento normativo|Concluso|F77B14000270006|300000.0|300000.0
#Scuole Sicure - CIPE 30/06/2014|Piemonte|Cuneo|Pamparato|004159|MIUR|2017-07-31|2015-05-14|2015-10-08|PAMPARATO|COMUNE|0041590003|CNIC811009|CNMM81103C|S.MICHELE M.VI` SS SERRA PAMPAR|||No|44.276957|7.913858|Efficientamento energetico|Concluso|E21E13000230001|304378.22|304378.22
#Scuole Sicure - CIPE 30/06/2014|Piemonte|Cuneo|Alba|004003|MIUR|2017-07-31|2013-11-11|2014-02-08|ALBA|COMUNE|0040030001|CNIC855003|CNAA855032|ALBA-VIA RORINE|||No|44.690176|8.023133999999999|Adeguamento normativo|Concluso|B87E13000710002|94000.0|94000.0
#Scuole Sicure - CIPE 30/06/2014|Piemonte|Cuneo|Alba|004003|MIUR|2017-07-31|2015-07-10|2015-09-25|ALBA|COMUNE|0040030001|CNIC855003|CNAA855032|ALBA-VIA RORINE|||No|44.690115000000006|8.023453|Adeguamento normativo|Concluso|B84H14001510004|64000.0|64000.0
#Scuole Sicure - CIPE 30/06/2014|Piemonte|Cuneo|Alba|004003|MIUR|2017-07-31|2015-04-01|2015-09-02|ALBA|COMUNE|0040030014|CNIC855003|CNEE855015|ALBA-BORGO MORETTA|||No|44.686586|8.035719|Messa in sicurezza|Concluso|B81E13000300001|500000.0|500000.0
#Scuole Sicure - CIPE 30/06/2014|Piemonte|Cuneo|Alba|004003|MIUR|2017-07-31|2013-11-18|2013-12-17|ALBA|COMUNE|0040030012|CNIC85600V|CNEE856011|ALBA F.LLI AMBROGIO-CENTRO ST.|||No|44.696723999999996|8.038345|Messa in sicurezza|Concluso|B84H13000250004|31000.0|31000.0
#Scuole Sicure - CIPE 30/06/2014|Piemonte|Cuneo|Alba|004003|MIUR|2017-07-31|2014-07-14|2014-09-11|ALBA|COMUNE|0040030012|CNIC85600V|CNEE856011|ALBA F.LLI AMBROGIO-CENTRO ST.|||No|44.696432|8.03852|Bonifica Amianto|Concluso|B89E14000580004|188000.0|47354.93
#Scuole Sicure - CIPE 30/06/2014|Piemonte|Cuneo|Alba|004003|MIUR|2017-07-31|2013-10-30|2013-12-28|ALBA|COMUNE|0040030018|CNIC85600V|CNMM85601X|ALBA CENTRO STORICO - VIDA|||No|44.701733000000004|8.038250999999999|Manutenzione Straordinaria|Start|B84H13000240004|109000.0|109000.0
#Scuole Sicure - CIPE 30/06/2014|Piemonte|Cuneo|Santo Stefano Roero|004214|MIUR|2017-07-31|||SANTO STEFANO ROERO|COMUNE|0042140001|CNIC82100X|CNEE821034|SANTO STEFANO ROERO - CAPOLUOGO|||No|44.78699|7.942721000000001|Ristrutturazione|Start|F32F14000370002|334676.03|334676.03
#Scuole Sicure - CIPE 30/06/2014|Piemonte|Cuneo|Montanera|004136|MIUR|2017-07-31|2017-05-22|2017-06-30|MONTANERA|COMUNE|0041360001|CNIC80200E|CNEE80204Q|MONTANERA - CAPOL.|||No|44.462824|7.667731|Manutenzione Straordinaria|Start|C66J08000500004|51508.0|51508.0
Messa in sicurezza elementi non strutturali - Delibere CIPE 32/2010 e 6/2012|Piemonte|Cuneo|Margarita|4118|MIT|2017-09-05|||Margarita|COMUNE||CNIC80200E|CNEE80203P|MARGARITA-CAPOLUOGO|||No|44.402587|7.682734|Interventi urgenti finalizzati alla prevenzione e riduzione del rischio connesso alla vulnerabilit� degli elementi anche non strutturali della scuola elementare in Piazza Marconi, 3 nel Comune di Margarita (CN)|Concluso|F68G10000290005|175000.0|175000.0
Messa in sicurezza elementi non strutturali - Delibere CIPE 32/2010 e 6/2012|Piemonte|Cuneo|Mondovì|4130|MIT|2017-09-05|||Mondov�|PROVINCIA||CNPS07000P|CNPS07000P|LICEO   VASCO-BECCARIA-GOVONE |||No|44.391056|7.827234|Messa in sicurezza, prevenzione e riduzione del rischio connesso alla vulnerabilit� degli elementi anche non strutturali sul fabbricato di Piazza IV Novembre, 4 nel Comune di Mondov� (CN) sede del Liceo Scientifico G. Vasco - Provincia di Cuneo|Cantiere aperto|I96E10000410001|300000.0|300000.0
Messa in sicurezza elementi non strutturali - Delibere CIPE 32/2010 e 6/2012|Piemonte|Cuneo|Mondovì|4130|MIT|2017-09-05|||Mondov�|PROVINCIA||CNPS07000P|CNPS07000P|LICEO   VASCO-BECCARIA-GOVONE |||No|44.389306|7.8278550000000005|Messa in sicurezza, prevenzione e riduzione del rischio connesso alla vulnerabilit� degli elementi anche non strutturali sul fabbricato di Via delle Scuole, 23 nel Comune di Mondov� (CN) succursale del Liceo Scientifico G. Vasco - Provincia di Cuneo|Cantiere aperto|I96E10000390001|275000.0|275000.0
Messa in sicurezza elementi non strutturali - Delibere CIPE 32/2010 e 6/2012|Piemonte|Cuneo|Mondovì|4130|MIT|2017-09-05|||Mondov�|PROVINCIA||CNPS07000P|CNPS07000P|LICEO   VASCO-BECCARIA-GOVONE |||No|44.389404|7.827725|Messa in sicurezza, prevenzione e riduzione del rischio connesso alla vulnerabilit� degli elementi anche non strutturali sul fabbricato di Via delle Scuole, 23 nel Comune di Mondov� (CN) sede del Liceo delle Scienze Sociali Rosa Govone - Provincia d|Cantiere aperto|I96E10000380001|200000.0|200000.0
Messa in sicurezza elementi non strutturali - Delibere CIPE 32/2010 e 6/2012|Piemonte|Cuneo|Mondovì|4130|MIT|2017-09-05|||Mondov�|PROVINCIA||CNPS07000P|CNPS07000P|LICEO   VASCO-BECCARIA-GOVONE |||No|44.391312|7.827421000000001|Messa in sicurezza, prevenzione e riduzione del rischio connesso alla vulnerabilit� degli elementi anche non strutturali sul fabbricato di Piazza IV Novembre, 5 nel Comune di Mondov� (CN) sede del Liceo Classico Govone , dell`Istituto Professionale|Cantiere aperto|I96E10000400001|650000.0|650000.0
Messa in sicurezza elementi non strutturali - Delibere CIPE 32/2010 e 6/2012|Piemonte|Cuneo|Piozzo|4169|MIT|2017-09-05|||Piozzo|COMUNE||CNIC846008|CNEE84605E|PIOZZO - CAPOLUOGO|||No|44.51636|7.893163|Ristrutturazione e ampliamento per adeguamento normativo e funzionale dell`edificio di Via Lazanio 20, sede della scuola primaria, nel Comune di Piozzo (CN)|Concluso|F33D08000080000|275000.0|275000.0
#Scuole Nuove - Sblocco Patto Province / Città Metropolitane 2015 -  L. 190/2014 art. 1 c. 467|Piemonte|Cuneo|Alba|4003|Amministrazione provinciale|2016-06-20|2013-09-19|2016-06-12|Provincia di CUNEO|PROVINCIA|0040030023|CNPS030008|CNPS030008|ALBA -  LEONARDO COCITO |||No|44.696382|8.030261|Manutenzione straordinaria. riqualificazione e/o rigenerazione , Adeguamento impiantistica e/o antincendio , Conseguimento certificazioni (opere escluse)|Concluso|I88G10000710005|1657017.39|367801.53
#Scuole Nuove - Sblocco Patto Province / Città Metropolitane 2015 -  L. 190/2014 art. 1 c. 467|Piemonte|Cuneo|Cuneo|4078|Amministrazione provinciale|2016-06-20|2013-12-16|2014-10-05|Provincia di CUNEO|PROVINCIA|0040780003|CNIS00300E|CNIS00300E|"CUNEO - ""S.GRANDIS"""|||No|44.389719|7.540382000000001|Messa in sicurezza , Adeguamento impiantistica e/o antincendio , Conseguimento certificazioni (opere escluse)|Concluso|I27E13000030003|240564.45|53397.13
#Scuole Nuove - Sblocco Patto Province / Città Metropolitane 2015 -  L. 190/2014 art. 1 c. 467|Piemonte|Cuneo|Dronero|4082|Amministrazione provinciale|2016-06-20|2015-07-20|2016-01-26|Provincia di CUNEO|PROVINCIA|0040820008|CNIS02800V|CNRH028024|DRONERO  GIANFRANCO DONADIO |||No|44.465732|7.3411990000000005|Messa in sicurezza , Adeguamento impiantistica e/o antincendio|Concluso|I61H13000390003|135881.18|30161.0
#Scuole Nuove - Sblocco Patto Province / Città Metropolitane 2015 -  L. 190/2014 art. 1 c. 467|Piemonte|Cuneo|Mondovì|4130|Amministrazione provinciale|2016-06-20|2015-01-08|2015-11-10|Provincia di CUNEO|PROVINCIA|0041300021|CNIS02900P|CNRI02901A|MONDOVI`  F. GARELLI |||No|44.385622|7.82193|Manutenzione straordinaria. riqualificazione e/o rigenerazione , Adeguamento impiantistica e/o antincendio|Concluso|I96E11000370005|147051.02|32640.32
#Scuole Sicure - D.L. 69/2013|Piemonte|Cuneo|Chiusa di Pesio|4068|MIUR|2015-09-29|||Chiusa di Pesio|COMUNE||CNIC841005|CNEE841017|CHIUSA DI PESIO - CAPOLUOGO|||No|44.323916|7.679607000000001|Messa in sicurezza|Cantiere aperto|C13J13000740003|0.0|338857.97
#Scuole Sicure - D.L. 69/2013|Piemonte|Cuneo|Barolo|4013|MIUR|2015-09-29|||Barolo|COMUNE||CNIC81900X|CNMM819033|LA MORRA SS BAROLO|||No|44.698192|7.854685000000001|Messa in sicurezza, ristrutturazione e manutenzione straordinaria e adeguamenti antincendio|Cantiere aperto|G97E11000380002|0.0|421500.0
#Scuole Sicure - D.L. 69/2013|Piemonte|Cuneo|Canale|4037|MIUR|2015-09-29|||Canale|COMUNE||CNIC82200Q|CNMM82201R|"CANALE ""MONSIGNOR L.SIBONA"""|||No|44.794979|7.994261999999999|Adeguamento normativa antisismica antincendo, barriere architettoniche, rendimento energetico, bonifica amianto, riqualificazione elementi non strutturali|Concluso|E66E11000320006|0.0|400000.0
#Scuole Sicure - D.L. 69/2013|Piemonte|Cuneo|Cortemilia|4073|MIUR|2015-09-29|||Cortemilia|COMUNE||CNIS00400A|CNRC00402A|CORTEMILIA|||No|44.581759999999996|8.192675|Manutenzione straordinaria|Cantiere aperto||0.0|500000.0
#Scuole Sicure - D.L. 69/2013|Piemonte|Cuneo|San Michele Mondovì|4210|MIUR|2015-09-29|||San Michele Mondov�|COMUNE||CNIC811009|CNMM81101A|SAN MICHELE MONDOVI`|||No|44.377274|7.909658|Ammodernamento palestra|Cantiere aperto|J87E13000680001|0.0|136000.0
Fondo Kyoto - D.L. 91/2014|Piemonte|Cuneo|Bra|4029|Ministero dell`Ambiente e della Tutela del Territorio e del Mare|2017-05-30|||Bra|COMUNE|0040290009|CNEE06400X|CNAA06404V|BRA-VIA OSPEDALE|||No|44.703179|7.849342|Lavori di manutenzione straordinaria finalizzata alla messa in sicurezza e alla riqualificazione energetica della scuola dell`infanzia di Via Ospedale  G  Rodari|Start|G76J16001600004|0.0|205000.0
Fondo Kyoto - D.L. 91/2014|Piemonte|Cuneo|Bra|4029|Ministero dell`Ambiente e della Tutela del Territorio e del Mare|2017-05-30|||Bra|COMUNE|0040290032|CNEE06400X|CNEE064066|BRA - FRAZ. S. MICHELE|||Si|44.706709000000004|7.8539639999999995|Scuola primaria S Michele|Start||0.0|350000.0
Fondo Kyoto - D.L. 91/2014|Piemonte|Cuneo|Cavallermaggiore|4059|Ministero dell`Ambiente e della Tutela del Territorio e del Mare|2017-05-30|||Cavallermaggiore|COMUNE|0040590001|CNIC838009|CNEE83802C|CAVALLERMAGGIORE - CAPOLUOGO|||No|44.7084|7.6843699999999995|Lavori di manutenzione straordinaria della Scuola Elementare del capoluogo mediante riqualificazione energetica del sistema edificio-impianto e abbattimento barriere architettoniche|Cantiere aperto|G14H14000720004|0.0|250000.0
Fondo Kyoto - D.L. 91/2014|Piemonte|Cuneo|Cortemilia|4073|Ministero dell`Ambiente e della Tutela del Territorio e del Mare|2017-05-30|||Cortemilia|COMUNE||CNIC81600C|CNEE81603L|CORTEMILIA - CAPOLUOGO|||No|44.583575|8.190617|Riqualificazione energetica materna e elementare|Concluso|H69D15000550005|0.0|200000.0
Decreto Mutui BEI seconda annualità - Decreto Interministeriale n. 390 del 6 giugno 2017|Piemonte|Cuneo|Camerana|4035|MIUR|2017-10-02|||CAMERANA|COMUNE|0040350002|CNIC81600C|CNEE81606Q|CAMERANA - FRAZ. CONTRADA|||Si|44.444738|8.1483|Manutenzione Straordinaria|Start||0.0|202017.67
Decreto Mutui BEI seconda annualità - Decreto Interministeriale n. 390 del 6 giugno 2017|Piemonte|Cuneo|Clavesana|4071|MIUR|2017-10-02|||CLAVESANA|COMUNE|0040710002|CNIC80600T|CNAA80602Q|CLAVESANA|||No|44.479690000000005|7.901781|Ristrutturazione|Start||0.0|395000.0
Decreto Mutui BEI seconda annualità - Decreto Interministeriale n. 390 del 6 giugno 2017|Piemonte|Cuneo|Cherasco|4067|MIUR|2017-10-02|||CHERASCO|COMUNE|||||||Si|44.649021000000005|7.858488|Nuova Costruzione|Start||0.0|800000.0
Decreto Mutui BEI seconda annualità - Decreto Interministeriale n. 390 del 6 giugno 2017|Piemonte|Cuneo|San Damiano Macra|4207|MIUR|2017-10-02|||SAN DAMIANO MACRA|COMUNE|0042070001|CNIC82800P|CNEE828062|SAN DAMIANO MACRA - CAPOL.|||Si|44.488232|7.257166000000001|Efficientamento Energetico|Start||0.0|80000.0
Decreto Mutui BEI seconda annualità - Decreto Interministeriale n. 390 del 6 giugno 2017|Piemonte|Cuneo|Villafalletto|4244|MIUR|2017-10-02|||VILLAFALLETTO|COMUNE|0042440001|CNIC84300R|CNMM84302V|CENTALLO SS VILLAFALLETTO|||No|44.547859|7.541925999999999|Efficientamento Energetico|Start||0.0|415114.91
Decreto Mutui BEI seconda annualità - Decreto Interministeriale n. 390 del 6 giugno 2017|Piemonte|Cuneo|Diano d`Alba|4080|MIUR|2017-10-02|||DIANO D`ALBA|COMUNE|0040800006|CNIC84900Q|CNAA84902N|DIANO D`ALBA-FR.VALLE TALLORIA|||Si|44.639045|8.004591|Ristrutturazione|Start||0.0|713983.74
Decreto Mutui BEI seconda annualità - Decreto Interministeriale n. 390 del 6 giugno 2017|Piemonte|Cuneo|Rossana|4197|MIUR|2017-10-02|||ROSSANA|COMUNE|0041970001|CNIC826003|CNEE826048|ROSSANA - CAPOLUOGO|||Si|44.543005|7.432929|Efficientamento Energetico|Start||0.0|255000.0
Decreto Mutui BEI seconda annualità - Decreto Interministeriale n. 390 del 6 giugno 2017|Piemonte|Cuneo|Vicoforte|4242|MIUR|2017-10-02|||VICOFORTE|COMUNE|0042420002|CNIC811009|CNEE81106L|G. COMINO - VICOFORTE|||Si|44.373642|7.873373|Efficientamento Energetico|Start||0.0|359966.64
Decreto Mutui BEI seconda annualità - Decreto Interministeriale n. 390 del 6 giugno 2017|Piemonte|Cuneo|Villanova Solaro|4246|MIUR|2017-10-02|||VILLANOVA SOLARO|COMUNE|0042460002|CNIC83100E|CNEE83103P|VILLANOVA SOLARO - CAPOLUOGO|||No|44.729537|7.576749|Efficientamento Energetico|Start||0.0|347392.2
Decreto Mutui BEI seconda annualità - Decreto Interministeriale n. 390 del 6 giugno 2017|Piemonte|Cuneo|Cuneo|4078|MIUR|2017-10-02|||CUNEO|PROVINCIA|0040780011|CNTF010005|CNTF010005|CUNEO  MARIO DELPOZZO |||No|44.378571|7.527023|Efficientamento Energetico|Start||0.0|700000.0
#Scuole Nuove - Sblocco Patto Comuni 2014-2015 - D.L. 66/2014 art. 48 c. 1|Piemonte|Cuneo|Bagnolo Piemonte|4009|Amministrazione comunale|2017-03-23|2015-06-15|2016-06-14|BAGNOLO PIEMONTE|COMUNE|0040090001|CNIC83200A|CNEE83201C|BAGNOLO PIEMONTE-CAPOLUOGO|Scuola primaria - Via Paschero|La struttura � in calcestruzzo armato precompresso. Progettata in classe energetica A. � dotata di isolamento a “cappotto” termoacustico. riscaldamento a pannelli radianti a bassa temperatura. pannelli fotovoltaici. pannelli solari termici. pompa di calore. ventilazione meccanica controllata. tetto verde (sedum).|No|44.761158|7.3154259999999995|Nuova costruzione|Concluso|G57B14000230006|1639536.0|912597.59
#Scuole Nuove - Sblocco Patto Comuni 2014-2015 - D.L. 66/2014 art. 48 c. 1|Piemonte|Cuneo|Cervasca|4064|Amministrazione comunale|2017-03-23|2014-07-16|2014-10-20|CERVASCA|COMUNE|0040640004|CNIC840009|CNMM84001A|"CERVASCA ""G. MARCONI"""|Istituto Comprensivo Cervasca, Scuola Primaria e Secondaria di Primo Grado - P.za Dr. Bernardi||No|44.383332|7.4687529999999995|Ristrutturazione|Concluso|B63B12000130004|100000.0|100000.0
#Scuole Nuove - Sblocco Patto Comuni 2014-2015 - D.L. 66/2014 art. 48 c. 1|Piemonte|Cuneo|Busca|4034|Amministrazione comunale|2017-03-23|2014-07-03|2014-12-30|BUSCA|COMUNE|0040340001|CNIC85000X|CNMM850011|"BUSCA ""G.CARDUCCI"""|"Scuola Secondaria di primo grado ""G Carducci"" - Corso Giolitti , 8"||No|44.517018|7.475910000000001|Ristrutturazione|Concluso|1234567890afc11|68421.13|68421.13
#Scuole Nuove - Sblocco Patto Comuni 2014-2015 - D.L. 66/2014 art. 48 c. 1|Piemonte|Cuneo|Roccavione|4192|Amministrazione comunale|2017-03-23|2015-06-04|2015-10-31|ROCCAVIONE|COMUNE|0041920003|CNIC81000D|CNAA81002B|ROCCAVIONE|Scuola dell`infanzia - Via Don G. B. Chesta, 6||No|44.315047|7.479103|Ristrutturazione|Concluso|B81B14000540004|175000.0|175000.0
#Scuole Nuove - Sblocco Patto Comuni 2014-2015 - D.L. 66/2014 art. 48 c. 1|Piemonte|Cuneo|Manta|4116|Amministrazione comunale|2017-03-23|2013-11-11|2015-06-15|MANTA|COMUNE|0041160002|CNEE05900C|CNEE05902E|MANTA - CAPOLUOGO|Scuola Primaria - Via Valerano||No|44.61148|7.485428999999999|Nuova costruzione|Concluso|E49H11000570007|1163736.44|500000.0
#Scuole Nuove - Sblocco Patto Comuni 2014-2015 - D.L. 66/2014 art. 48 c. 1|Piemonte|Cuneo|Cavallermaggiore|4059|Amministrazione comunale|2017-03-23|2013-07-22|2014-09-26|CAVALLERMAGGIORE|COMUNE|0040590003|CNIC838009|CNMM83801A|"CAVALLERMAGGIORE ""L.EINAUDI"""|"Scuola Secondaria di primo grado ""Luigi Einaudi"" - Via San Pietro, 9"||No|44.705093|7.6844149999999996|Riqualificazione|Concluso|G16E13000560002|655500.0|627664.19
#Scuole Nuove - Sblocco Patto Comuni 2014-2015 - D.L. 66/2014 art. 48 c. 1|Piemonte|Cuneo|Fossano|4089|Amministrazione comunale|2017-03-23|2013-11-26|2016-05-25|FOSSANO|COMUNE|0040890019|CNEE033008|CNAA033014|"FOSSANO-""RODARI"""|"Scuola dell`infanzia “Gianni Rodari"" - Via Sparla, 1"||No|44.557881|7.7362020000000005|Riqualificazione|Concluso|D43B12000030004|1334862.26|1047336.76
#Scuole Nuove - Sblocco Patto Comuni 2014-2015 - D.L. 66/2014 art. 48 c. 1|Piemonte|Cuneo|Sanfrè|4208|Amministrazione comunale|2017-03-23|2015-07-15|2015-12-01|Sanfr�|COMUNE|0042080001|CNIC817008|CNMM81703B|SOMMARIVA B. SS SANFRE`|"Istituto Comprensivo Statale ""Giovanni Arpino"" - Via Madonna del Popolo, 42"||No|44.753985|7.801242|Ripristino funzionale|Concluso|B64H15001320004|45000.0|43462.06
#Scuole Nuove - Sblocco Patto Comuni 2014-2015 - D.L. 66/2014 art. 48 c. 1|Piemonte|Cuneo|Santa Vittoria d`Alba|4212|Amministrazione comunale|2017-03-23|2010-03-24|2014-08-19|SANTA VITTORIA D`ALBA|COMUNE|0042120006|CNIC820004|CNMM820015|SANTA VITTORIA D`ALBA|Scuola Secondaria di primo grado - Via Serafina, 14bis||No|44.69298|7.922763000000001|Nuova costruzione|Concluso|EE19H0900010000|2215307.51|366000.0
#Scuole Nuove - Sblocco Patto Comuni 2014-2015 - D.L. 66/2014 art. 48 c. 1|Piemonte|Cuneo|Monteu Roero|4140|Amministrazione comunale|2017-03-23|2014-06-16|2014-09-03|MONTEU ROERO|COMUNE|0041400004|CNIC82200Q|CNAA82203P|MONTEU ROERO-CAPOLUOGO|Scuola dell`infanzia - Piazza Roma, 5||No|44.780252000000004|7.931151|Ristrutturazione|Concluso|G11H13000250002|250000.0|95000.0
#Scuole Nuove - Sblocco Patto Comuni 2014-2015 - D.L. 66/2014 art. 48 c. 1|Piemonte|Cuneo|Castagnito|4046|Amministrazione comunale|2017-03-23|2014-11-06|2016-12-31|CASTAGNITO|COMUNE|0040460003|CNIC82300G|CNEE82301N|SUOR TECLA MERLO|"Scuola Primaria ""Suor Tecla Merlo"" - Via Lavandaro, 11"||No|44.748727|8.057706|Ristrutturazione|Concluso|D67E13000540006|274514.0|274514.0
#Scuole Nuove - Sblocco Patto Comuni 2014-2015 - D.L. 66/2014 art. 48 c. 1|Piemonte|Cuneo|Cervasca|4064|Amministrazione comunale|2017-03-23|2014-08-25|2014-09-18|Cervasca|COMUNE|0040640003|CNIC840009|CNAA840016|CERVASCA-FRAZ. S.CROCE|CERVASCA-FRAZ. S.CROCE||No|44.374453|7.499928999999999|Ripristino funzionale|Concluso|B66E12000960004|40000.0|40000.0
#Scuole Nuove - Sblocco Patto Comuni 2014-2015 - D.L. 66/2014 art. 48 c. 1|Piemonte|Cuneo|Cavallermaggiore|4059|Amministrazione comunale|2017-03-23|2013-12-16|2014-01-30|Cavallermaggiore|COMUNE|0040590001|CNIC838009|CNEE83802C|CAVALLERMAGGIORE - CAPOLUOGO|CAVALLERMAGGIORE - CAPOLUOGO||No|44.708372999999995|7.684147|Riqualificazione|Concluso||29070.28|27835.81
#Scuole Nuove - Sblocco Patto Comuni 2014-2015 - D.L. 66/2014 art. 48 c. 1|Piemonte|Cuneo|Sanfrè|4208|Amministrazione comunale|2017-03-23|2014-11-24|2015-12-31|Sanfr�|COMUNE|0042080001|CNIC817008|CNMM81703B|SOMMARIVA B. SS SANFRE`|||No|44.753876|7.801402|Ripristino funzionale|Concluso|affid.diretto1|11374.0|10985.28
#Scuole Nuove - Sblocco Patto Comuni 2014-2015 - D.L. 66/2014 art. 48 c. 1|Piemonte|Cuneo|Sanfrè|4208|Amministrazione comunale|2017-03-23|2014-10-27|2014-11-05|Sanfr�|COMUNE|0042080001|CNIC817008|CNMM81703B|SOMMARIVA B. SS SANFRE`|||No|44.754025|7.801207000000001|Riqualificazione|Concluso|affdam.diretto2|12650.0|12217.67
#Scuole Nuove - Sblocco Patto Comuni 2014-2015 - D.L. 66/2014 art. 48 c. 1|Piemonte|Cuneo|Sanfrè|4208|Amministrazione comunale|2017-03-23|2014-11-24|2014-12-06|Sanfr�|COMUNE|0042080001|CNIC817008|CNMM81703B|SOMMARIVA B. SS SANFRE`|||No|44.753746|7.801292999999999|Ripristino funzionale|Concluso|affidam.dirett3|3453.0|3334.99
#SBLOCCASCUOLE 2017 -  DM 26 aprile 2017|Piemonte|Cuneo|Alba|4003|Amministrazione Comunale|2017-12-15|2018-03-26|2018-10-24|COMUNE di Alba|COMUNE|0040030028|CNMM162004|CNMM162004|CPIA 2 ALBA - MONDOVI`|||No|44.699053|8.035876|Ampliamento|In approvazione|B81E17000050002|236500.0|160000.0
#SBLOCCASCUOLE 2017 -  DM 26 aprile 2017|Piemonte|Cuneo|Alba|4003|Amministrazione Comunale|2017-12-15|2017-07-01|2017-08-31|COMUNE di Alba|COMUNE|0040030016|CNIC854007|CNMM854018|ALBA  PIAVE S.CASSIANO -MACRINO|||No|44.695464|8.031081|Adeguamento|Cantiere aperto|B86J17000250004|98000.0|98000.0
#SBLOCCASCUOLE 2017 -  DM 26 aprile 2017|Piemonte|Cuneo|Alba|4003|Amministrazione Comunale|2017-12-15|2017-07-01|2017-09-10|COMUNE di Alba|COMUNE|0040030007|CNIC855003|CNAA855043|ALBA - VIA RIO MISURETO|||No|44.68992|8.036503|Manutenzione straordinaria|Cantiere aperto|B81E17000000004|250000.0|250000.0
#SBLOCCASCUOLE 2017 -  DM 26 aprile 2017|Piemonte|Cuneo|Canale|4037|Amministrazione Comunale|2017-12-15|2018-03-26|2018-10-24|COMUNE di Canale|COMUNE|0040370001|CNIC82200Q|CNMM82201R|"CANALE ""MONSIGNOR L.SIBONA"""|||No|44.794926000000004|7.994383999999999|Efficentamento energetico|In approvazione|E66J17000010005|555000.0|555000.0
#SBLOCCASCUOLE 2017 -  DM 26 aprile 2017|Piemonte|Cuneo|Caramagna Piemonte|4041|Amministrazione Comunale|2017-11-28|2017-06-12|2017-06-23|COMUNE di Caramagna Piemonte|COMUNE|0040410003|CNIC838009|CNEE83806L|CARAMAGNA PIEMONTE - CAPOL.|||No|44.779563|7.740931|Efficentamento energetico|Concluso|H14B17000000004|25000.0|25000.0
#SBLOCCASCUOLE 2017 -  DM 26 aprile 2017|Piemonte|Cuneo|Caramagna Piemonte|4041|Amministrazione Comunale|2017-11-28|2017-06-26|2017-07-07|COMUNE di Caramagna Piemonte|COMUNE|0040410003|CNIC838009|CNEE83806L|CARAMAGNA PIEMONTE - CAPOL.|||No|44.779601|7.741161999999999|Efficentamento energetico|Concluso|H16J17000030004|35000.0|35000.0
#SBLOCCASCUOLE 2017 -  DM 26 aprile 2017|Piemonte|Cuneo|Caramagna Piemonte|4041|Amministrazione Comunale|2017-12-15|2017-08-21|2017-09-15|COMUNE di Caramagna Piemonte|COMUNE|0040410003|CNIC838009|CNEE83806L|CARAMAGNA PIEMONTE - CAPOL.|||No|44.779624|7.741446000000001|Ristrutturazione|Cantiere aperto|H11H17000010004|46000.0|46000.0
#SBLOCCASCUOLE 2017 -  DM 26 aprile 2017|Piemonte|Cuneo|Caramagna Piemonte|4041|Amministrazione Comunale|2017-11-28|2017-07-10|2017-08-11|COMUNE di Caramagna Piemonte|COMUNE|0040410003|CNIC838009|CNEE83806L|CARAMAGNA PIEMONTE - CAPOL.|||No|44.779527|7.7416149999999995|Ristrutturazione|Concluso|H11H17000000004|46000.0|46000.0
#SBLOCCASCUOLE 2017 -  DM 26 aprile 2017|Piemonte|Cuneo|Castelletto Stura|4049|Amministrazione Comunale|2017-12-15|2018-03-26|2018-10-24|COMUNE di Castelletto Stura|COMUNE|0040490001|CNIC80200E|CNAA80202C|CASTELLETTO STURA-CAPOLUOGO|||Si|44.443279|7.637791|Riqualificazione|In approvazione|G95I17000010004|270000.0|270000.0
#SBLOCCASCUOLE 2017 -  DM 26 aprile 2017|Piemonte|Cuneo|Cavallermaggiore|4059|Amministrazione Comunale|2017-11-28|2017-07-01|2017-08-31|COMUNE di Cavallermaggiore|COMUNE|0040590001|CNIC838009|CNEE83802C|CAVALLERMAGGIORE - CAPOLUOGO|||No|44.708374|7.684182000000001|Manutenzione straordinaria|Concluso|G12F16000120004|56000.0|56000.0
#SBLOCCASCUOLE 2017 -  DM 26 aprile 2017|Piemonte|Cuneo|Ceva|4066|Amministrazione Comunale|2017-12-15|2017-06-01|2017-11-06|COMUNE di Ceva|COMUNE|0040660001|CNIC813001|CNAA81303X|CEVA-CAPOLUOGO|||No|44.383371999999994|8.031321|Ristrutturazione|Cantiere aperto|C81E17000020001|465047.0|465047.0
#SBLOCCASCUOLE 2017 -  DM 26 aprile 2017|Piemonte|Cuneo|Ceva|4066|Amministrazione Comunale|2017-12-15|2017-06-01|2017-11-06|COMUNE di Ceva|COMUNE|0040660007|CNIC813001|CNMM813012|"CEVA ""A.MOMIGLIANO"""|||No|44.387994|8.035273|Ristrutturazione|Cantiere aperto|C81E17000030008|340000.0|263500.0
#SBLOCCASCUOLE 2017 -  DM 26 aprile 2017|Piemonte|Cuneo|Cherasco|4067|Amministrazione Comunale|2017-10-15|2016-11-01|2017-03-31|COMUNE di Cherasco|COMUNE|0040670005|CNIC825007|CNMM825018|"CHERASCO ""S.TARICCO"""|||No|44.650209999999994|7.8556610000000004|Ristrutturazione|Concluso|B97E13000210002|450478.0|142752.0
#SBLOCCASCUOLE 2017 -  DM 26 aprile 2017|Piemonte|Cuneo|Corneliano d`Alba|4072|Amministrazione Comunale|2017-12-15|2017-07-01|2017-08-31|COMUNE di Corneliano d`Alba|COMUNE|0040720004|CNIC818004|CNEE818027|CORNELIANO D`ALBA CAPOLUOGO|||No|44.734970000000004|7.960342999999999|Efficentamento energetico|Cantiere aperto|G56J17000000004|315000.0|315000.0
#SBLOCCASCUOLE 2017 -  DM 26 aprile 2017|Piemonte|Cuneo|Cortemilia|4073|Amministrazione Comunale|2017-09-30|2017-06-19|2017-08-25|COMUNE di Cortemilia|COMUNE|0040730001|CNIC81600C|CNEE81603L|CORTEMILIA - CAPOLUOGO|||No|44.583168|8.191230000000001|Efficentamento energetico|Concluso|H66J17000010004|205000.0|124000.0
#SBLOCCASCUOLE 2017 -  DM 26 aprile 2017|Piemonte|Cuneo|Cuneo|4078|Amministrazione Comunale|2017-12-15|2017-05-01|2017-12-31|COMUNE di Cuneo|COMUNE|0040782006|CNIC84800X|CNEE848034|B. BRUNI - PASSATORE|||No|44.432541|7.505546000000001|Acquisto immobile|Concluso|B26J17000060001|750000.0|750000.0
#SBLOCCASCUOLE 2017 -  DM 26 aprile 2017|Piemonte|Cuneo|Demonte|4079|Amministrazione Comunale|2017-12-15|2017-04-01|2017-09-28|COMUNE di Demonte|COMUNE|0040790001|CNIC80300A|CNEE80301C|DEMONTE - CAPOLUOGO|||No|44.315734|7.292756|Miglioramento sismico|Cantiere aperto|C31E15000500002|240000.0|40225.0
#SBLOCCASCUOLE 2017 -  DM 26 aprile 2017|Piemonte|Cuneo|Faule|4087|Amministrazione Comunale|2017-12-15|2018-03-26|2018-12-31|COMUNE di Faule|COMUNE|0041710001|CNIC83100E|CNEE83107V|POLONGHERA - CAPOLUOGO|||No|44.803202|7.596064|Nuova edificazione|In approvazione|G27E17000000006|1250564.0|262697.4
#SBLOCCASCUOLE 2017 -  DM 26 aprile 2017|Piemonte|Cuneo|Fossano|4089|Amministrazione Comunale|2017-12-15|2018-03-26|2018-09-30|COMUNE di Fossano|COMUNE|0040890021|CNEE033008|CNAA033025|"FOSSANO-""COLLODI"""|||No|44.556509000000005|7.727072|Ampliamento|Start|D41E12000050004|480000.0|480000.0
#SBLOCCASCUOLE 2017 -  DM 26 aprile 2017|Piemonte|Cuneo|Grinzane Cavour|4100|Amministrazione Comunale|2017-12-15|2017-06-15|2017-09-15|COMUNE di Grinzane Cavour|COMUNE|0041000001|CNIC84900Q|CNEE84902V|GRINZANE CAVOUR - CAP.|||No|44.654924|7.989082000000001|Adeguamento antincendio|Cantiere aperto|H64H17000110009|116500.0|44500.0
#SBLOCCASCUOLE 2017 -  DM 26 aprile 2017|Piemonte|Cuneo|Guarene|4101|Amministrazione Comunale|2017-12-15|2017-04-30|2017-07-07|COMUNE di Guarene|COMUNE|0041010002|CNIC85300B|CNEE85304L|GUARENE - FRAZ. VACCHERIA|||No|44.727338|8.044639|Efficentamento energetico|Cantiere aperto|B76J17000020001|98000.0|98000.0
#SBLOCCASCUOLE 2017 -  DM 26 aprile 2017|Piemonte|Cuneo|Limone Piemonte|4110|Amministrazione Comunale|2017-12-15|2017-05-20|2019-08-31|COMUNE di Limone Piemonte|COMUNE|0041100001|CNIC81000D|CNEE81001G|LIMONE PIEMONTE - CAPOLUOGO|||No|44.200134000000006|7.578867999999999|Manutenzione straordinaria|Cantiere aperto|I74H17000070004|333951.37|333951.37
#SBLOCCASCUOLE 2017 -  DM 26 aprile 2017|Piemonte|Cuneo|Magliano Alfieri|4113|Amministrazione Comunale|2017-12-15|2017-06-01|2018-05-31|COMUNE di Magliano Alfieri|COMUNE|0041130004|CNIC82300G|CNEE82304R|F.EUSEBIO|||Si|44.767146000000004|8.067733|Nuova edificazione|Cantiere aperto|C17E17000000002|650000.0|600000.0
#SBLOCCASCUOLE 2017 -  DM 26 aprile 2017|Piemonte|Cuneo|Mango|4115|Amministrazione Comunale|2017-09-30|2017-06-15|2017-08-31|COMUNE di Mango|COMUNE|0041150002|CNIC83700D|CNAA83705E|MANGO|||No|44.686246999999995|8.149448|Manutenzione|Concluso|D31E17000010004|26000.0|26000.0
#SBLOCCASCUOLE 2017 -  DM 26 aprile 2017|Piemonte|Cuneo|Margarita|4118|Amministrazione Comunale|2017-12-15|2017-06-19|2017-07-29|COMUNE di Margarita|COMUNE|0041180001|CNIC80200E|CNEE80203P|MARGARITA-CAPOLUOGO|||No|44.402553000000005|7.6828|Manutenzione|Cantiere aperto|F66D17000010004|60000.0|60000.0
#SBLOCCASCUOLE 2017 -  DM 26 aprile 2017|Piemonte|Cuneo|Monteu Roero|4140|Amministrazione Comunale|2017-10-15|2017-07-01|2017-08-31|COMUNE di Monteu Roero|COMUNE|0041400003|CNIC82200Q|CNEE822041|MONTEU ROERO-CAPOLUOGO|||No|44.780272|7.931078|Manutenzione straordinaria|Concluso|G16J17000040005|112000.0|70000.0
#SBLOCCASCUOLE 2017 -  DM 26 aprile 2017|Piemonte|Cuneo|Narzole|4147|Amministrazione Comunale|2017-11-28|2017-06-20|2017-07-25|COMUNE di Narzole|COMUNE|0041470002|CNIC825007|CNEE82504C|NARZOLE - CAPOLUOGO|||No|44.595253|7.868788|Manutenzione straordinaria|Concluso|D84H17000110004|110000.0|105242.0
#SBLOCCASCUOLE 2017 -  DM 26 aprile 2017|Piemonte|Cuneo|Narzole|4147|Amministrazione Comunale|2017-11-28|2017-06-20|2017-07-25|COMUNE di Narzole|COMUNE|0041470001|CNIC825007|CNMM825029|CHERASCO SS NARZOLE|||No|44.595982|7.86875|Manutenzione straordinaria|Concluso|D84H17000120004|105000.0|100242.0
#SBLOCCASCUOLE 2017 -  DM 26 aprile 2017|Piemonte|Cuneo|Neive|4148|Amministrazione Comunale|2017-12-15|2017-07-01|2017-12-31|COMUNE di Neive|COMUNE|0041480009|CNIC83700D|CNMM83701E|NEIVE|||No|44.721362|8.120228|Adeguamento|Cantiere aperto|E94H17000000006|53000.0|53000.0
#SBLOCCASCUOLE 2017 -  DM 26 aprile 2017|Piemonte|Cuneo|Novello|4152|Amministrazione Comunale|2017-12-15|2017-06-15|2017-09-15|COMUNE di Novello|COMUNE|0041520002|CNIC81900X|CNEE819023|NOVELLO - CAPOLUOGO|||No|44.590363|7.927992999999999|Adeguamento antincendio|Cantiere aperto|D4417000010009|51200.0|15200.0
#SBLOCCASCUOLE 2017 -  DM 26 aprile 2017|Piemonte|Cuneo|Paesana|4157|Amministrazione Comunale|2017-12-15|2017-06-01|2017-09-01|COMUNE di Paesana|COMUNE|0041570001|CNIC83500T|CNEE835032|PAESANA - CAPOLUOGO|||No|44.682663|7.277259|Miglioramento sismico|Cantiere aperto|C91E17000020004|195000.0|145000.0
#SBLOCCASCUOLE 2017 -  DM 26 aprile 2017|Piemonte|Cuneo|Piobesi d`Alba|4168|Amministrazione Comunale|2017-10-15|2017-06-16|2017-08-31|COMUNE di Piobesi d`Alba|COMUNE|0041680001|CNIC818004|CNAA818033|PIOBESI D`ALBA  - CAPOLUOGO|||No|44.735284|7.9780169999999995|Efficentamento energetico|Concluso|E25I17000010004|270000.0|270000.0
#SBLOCCASCUOLE 2017 -  DM 26 aprile 2017|Piemonte|Cuneo|Pocapaglia|4170|Amministrazione Comunale|2017-12-15|2017-05-15|2017-12-31|COMUNE di Pocapaglia|COMUNE|0041700003|CNIC820004|CNAA820044|POCAPAGLIA - CAP.|||No|44.719547999999996|7.887919999999999|Manutenzione|Cantiere aperto|E41E17000030004|136000.0|136000.0
#SBLOCCASCUOLE 2017 -  DM 26 aprile 2017|Piemonte|Cuneo|Polonghera|4171|Amministrazione Comunale|2017-12-15|2018-03-26|2018-12-31|COMUNE di Polonghera|COMUNE|0041710000||||||Si|44.804543|7.582241000000001|Nuova edificazione|In approvazione|G27E17000000006|1250564.0|487867.0
#SBLOCCASCUOLE 2017 -  DM 26 aprile 2017|Piemonte|Cuneo|Revello|4180|Amministrazione Comunale|2017-12-15|2017-09-04|2017-10-31|COMUNE di Revello|COMUNE|0041800002|CNIC834002|CNEE834025|REVELLO - CAPOLUOGO|||No|44.65343|7.388269|Manutenzione straordinaria|Concluso|E56J17000010004|220000.0|220000.0
#SBLOCCASCUOLE 2017 -  DM 26 aprile 2017|Piemonte|Cuneo|Revello|4180|Amministrazione Comunale|2017-12-15|2017-07-03|2017-07-28|COMUNE di Revello|COMUNE|0041800001|CNIC834002|CNAA83402X|REVELLO-CAPOLUOGO|||No|44.653506|7.388427|Manutenzione|Cantiere aperto|E56J17000020004|47000.0|47000.0
#SBLOCCASCUOLE 2017 -  DM 26 aprile 2017|Piemonte|Cuneo|Rifreddo|4181|Amministrazione Comunale|2017-12-15|2017-06-15|2017-09-15|COMUNE di Rifreddo|COMUNE|0041810002|CNIC83500T|CNAA83501P|RIFREDDO-CAPOLUOGO|||No|44.651251|7.3498149999999995|Manutenzione straordinaria|Cantiere aperto|F64H17000080004|66140.0|66140.0
#SBLOCCASCUOLE 2017 -  DM 26 aprile 2017|Piemonte|Cuneo|Robilante|4185|Amministrazione Comunale|2017-10-15|2017-06-05|2017-07-14|COMUNE di Robilante|COMUNE|0041850002|CNIC81000D|CNEE81002L|ROBILANTE - CAPOLUOGO|||No|44.294084000000005|7.513160000000001|Efficentamento energetico|Concluso|H14E16001070004|90000.0|60000.0
#SBLOCCASCUOLE 2017 -  DM 26 aprile 2017|Piemonte|Cuneo|Villafalletto|4244|Amministrazione Comunale|2017-10-15|2017-07-01|2017-08-31|COMUNE di Villafalletto|COMUNE|0042440002|CNIC84300R|CNEE843075|VILLAFALLETTO|||No|44.542809000000005|7.537064|Adeguamento|Concluso|E63J17000030004|116000.0|116000.0
#SBLOCCASCUOLE 2017 -  DM 26 aprile 2017|Piemonte|Cuneo|Beinette|4016|Amministrazione comunale|2017-12-15|2017-06-30|2017-12-31|Beinette|COMUNE|0040160001||CNAA80201B|BEINETTE-CAPOLUOGO|||No|44.365675|7.644661999999999|Ristrutturazione|Cantiere aperto|E31E16000050001|346628.3|306000.0
#SBLOCCASCUOLE 2017 -  DM 26 aprile 2017|Piemonte|Cuneo|Cherasco|4067|Amministrazione comunale|2017-12-15|2018-03-26|2018-11-30|Cherasco|COMUNE|0040673002||CNMM825018|"CHERASCO ""S.TARICCO"""|||No|44.650193|7.855572|Ristrutturazione|Start|B91B17000430004|40000.0|40000.0
#SBLOCCASCUOLE 2017 -  DM 26 aprile 2017|Piemonte|Cuneo|Cherasco|4067|Amministrazione comunale|2017-12-15|2017-07-14|2017-12-31|Cherasco|COMUNE|0040673002||CNMM825018|"CHERASCO ""S.TARICCO"""|||No|44.650219|7.855948|Adeguamento impiantistica e/o antincendio|Cantiere aperto|B94H16001210002|83750.0|80000.0
#SBLOCCASCUOLE 2017 -  DM 26 aprile 2017|Piemonte|Cuneo|Cherasco|4067|Amministrazione comunale|2017-12-15|2017-12-30|2020-07-31|Cherasco|COMUNE|0040670011||||||Si|44.657851|7.816269999999999|Ristrutturazione|Start|B97B16000350004|1055000.0|400000.0
#SBLOCCASCUOLE 2017 -  DM 26 aprile 2017|Piemonte|Cuneo|Demonte|4079|Amministrazione comunale|2017-12-15|2016-10-19|2017-12-31|Demonte|COMUNE|0040790001||CNEE80301C|DEMONTE - CAPOLUOGO|||No|44.315897|7.29254|Adeguamento impiantistica e/o antincendio|Cantiere aperto|C37B16000160004|47750.0|47750.0
#SBLOCCASCUOLE 2017 -  DM 26 aprile 2017|Piemonte|Cuneo|Demonte|4079|Amministrazione comunale|2017-12-15|2016-11-03|2017-12-31|Demonte|COMUNE|0040790001||CNEE80301C|DEMONTE - CAPOLUOGO|||No|44.315754|7.29299|Adeguamento impiantistica e/o antincendio|Cantiere aperto|C37B16000170004|50450.0|50450.0
#SBLOCCASCUOLE 2017 -  DM 26 aprile 2017|Piemonte|Cuneo|Demonte|4079|Amministrazione comunale|2017-12-15|2017-06-05|2017-12-31|Demonte|COMUNE|0040790001||CNEE80301C|DEMONTE - CAPOLUOGO|||No|44.315718|7.2926470000000005|Miglioramento sismico|Cantiere aperto|C36J16000790004|150000.0|150000.0
#SBLOCCASCUOLE 2017 -  DM 26 aprile 2017|Piemonte|Cuneo|Fossano|4089|Amministrazione comunale|2017-12-15|2018-02-01|2018-03-17|Fossano|COMUNE|0040890022||CNEE86502R||||Si|44.540690000000005|7.71709|Ristrutturazione|In approvazione|D44H17000110004|75000.0|75000.0
#SBLOCCASCUOLE 2017 -  DM 26 aprile 2017|Piemonte|Cuneo|Fossano|4089|Amministrazione comunale|2017-12-15|2018-02-01|2018-12-31|Fossano|COMUNE|0040890002||CNAA86501E||||No|44.547318|7.726114999999999|Adeguamento impiantistica e/o antincendio Ristrutturazione|Start|D44H17000100004|100000.0|100000.0
#SBLOCCASCUOLE 2017 -  DM 26 aprile 2017|Piemonte|Cuneo|Fossano|4089|Amministrazione comunale|2017-12-15|2018-02-01|2018-12-31|Fossano|COMUNE|0040890006||CNEE86501Q||||No|44.547689|7.720503999999999|Adeguamento sismico|Start|D41E16000030004|210000.0|210000.0
#SBLOCCASCUOLE 2017 -  DM 26 aprile 2017|Piemonte|Cuneo|Fossano|4089|Amministrazione comunale|2017-12-15|2018-02-01|2018-12-31|Fossano|COMUNE|0040890016||CNMM86601E||||No|44.553225|7.725685|Adeguamento impiantistica e/o antincendio Ristrutturazione|Start|D44H17000120004|250000.0|250000.0
#SBLOCCASCUOLE 2017 -  DM 26 aprile 2017|Piemonte|Cuneo|Monasterolo di Savigliano|4128|Amministrazione comunale|2017-12-15|2017-06-15|2017-12-31|Monasterolo di Savigliano|COMUNE|0041280002||CNEE83102N|MONASTEROLO SAVIGLIANO CAPOL.|||No|44.685478|7.621205000000001|Efficientamento energetico|Concluso|G71E17000030004|70000.0|70000.0
#SBLOCCASCUOLE 2017 -  DM 26 aprile 2017|Piemonte|Cuneo|Moretta|4143|Amministrazione comunale|2017-12-15|2018-03-26|2018-09-08|Moretta|COMUNE|0041430003||CNEE83106T|MORETTA - CAPOL.|||No|44.7648|7.541002000000001|Bonifica amianto|In approvazione|J41E15000420004|940000.0|510226.0
#SBLOCCASCUOLE 2017 -  DM 26 aprile 2017|Piemonte|Cuneo|Polonghera|4171|Amministrazione comunale|2017-12-15|2017-10-10|2017-12-31|Polonghera|COMUNE|0041710001||CNEE83107V|POLONGHERA - CAPOLUOGO|||No|44.803225|7.596063000000001|Efficientamento energeticoRistrutturazione|Cantiere aperto|G52F17000020004|179000.0|179000.0
#SBLOCCASCUOLE 2017 -  DM 26 aprile 2017|Piemonte|Cuneo|Robilante|4185|Amministrazione comunale|2017-12-15|2018-03-26|2018-08-31|Robilante|COMUNE|0041850001||CNMM81001E|ROBILANTE|||No|44.293642|7.513375|Ristrutturazione|Start|H11E17000270002|158000.0|35000.0
#SBLOCCASCUOLE 2017 -  DM 26 aprile 2017|Piemonte|Cuneo|San Michele Mondovì|4210|Amministrazione comunale|2017-10-15|2017-02-13|2017-04-10|San Michele Mondov?|COMUNE|0042100002||CNMM81101A|SAN MICHELE MONDOVI`|||No|44.377315|7.909758999999999|Adeguamento impiantistica e/o antincendio Efficientamento energetico|Concluso|J81E15000920001|64500.23|17515.23
Decreto Mutui BEI prima annualità - Decreto Interministeriale 23 gennaio 2015|Piemonte|Cuneo|Alba|004003|MIUR|2017-07-31|2016-04-26|2016-11-21|CUNEO|PROVINCIA|0040030035|CNPS030008|CNSL007015|ALBA  PINOT GALLIZIO |||No|44.69638|8.03014|Adeguamento normativo|Concluso|I81E15000500002|676594.99|676594.99
Decreto Mutui BEI prima annualità - Decreto Interministeriale 23 gennaio 2015|Piemonte|Cuneo|Benevello|004020|MIUR|2017-07-31|2016-07-14|2016-09-14|BENEVELLO|COMUNE|0040200001|CNIC81400R|CNAA81402P|BENEVELLO||Adeguamento sismico di un antico edificio in pietra. Sono state eseguite fasciature con fibre al titanio. iniezioni di consolidamento delle pareti in pietra. dopo aver eseguito ispezioni con telecamere all’interno dell’intercapedine tra la muratura esterna e quella interna. Consolidati anche i solai.|No|44.628233|8.10572|Miglioramento sismico|Concluso|H71E15000270005|160000.0|144000.0
Decreto Mutui BEI prima annualità - Decreto Interministeriale 23 gennaio 2015|Piemonte|Cuneo|Borgo San Dalmazzo|004025|MIUR|2017-07-31|2016-04-20|2016-11-30|BORGO SAN DALMAZZO|COMUNE|0040250009|CNIC80800D|CNMM80801E|"BORGO S. DALMAZZO ""GRANDIS"""|||No|44.327982|7.489031|Efficientamento energetico|Concluso|C34H15000860001|799868.0|799868.0
Decreto Mutui BEI prima annualità - Decreto Interministeriale 23 gennaio 2015|Piemonte|Cuneo|Borgo San Dalmazzo|004025|MIUR|2017-07-31|2016-04-20|2016-10-17|BORGO SAN DALMAZZO|COMUNE|0040250004|CNIC80800D|CNEE80804P|BORGO S.DALMAZZO-DON P. LUCIANO|||No|44.338198|7.493569|Miglioramento sismico|Concluso|C31E15000330001|800000.0|800000.0
Decreto Mutui BEI prima annualità - Decreto Interministeriale 23 gennaio 2015|Piemonte|Cuneo|Bossolasco|004027|MIUR|2017-07-31|2016-06-14|2017-04-09|BOSSOLASCO|COMUNE|0040270002|CNIC81400R|CNAA81403Q|BOSSOLASCO-CAPOLUOGO|||Si|44.52717|8.056039|Miglioramento sismico|Cantiere aperto|E59D15000450001|523599.62|523599.62
Decreto Mutui BEI prima annualità - Decreto Interministeriale 23 gennaio 2015|Piemonte|Cuneo|Bra|004029|MIUR|2017-07-31|2016-05-23|2017-02-24|BRA|COMUNE|0040290029|CNEE063004|CNEE063026|"BRA- ""EDOARDO MOSCA"""|||No|44.696296000000004|7.845575999999999|Manutenzione straordinaria|Concluso|G74H15001050002|300000.0|300000.0
Decreto Mutui BEI prima annualità - Decreto Interministeriale 23 gennaio 2015|Piemonte|Cuneo|Brossasco|004033|MIUR|2017-07-31|2016-05-02|2016-06-30|BROSSASCO|COMUNE|0040330001|CNIC826003|CNEE826015|BROSSASCO - CAPOLUOGO|||No|44.570306|7.360424000000001|Manutenzione straordinaria|Concluso|B21E15000470002|56468.38|55955.56
Decreto Mutui BEI prima annualità - Decreto Interministeriale 23 gennaio 2015|Piemonte|Cuneo|Canale|004037|MIUR|2017-07-31|2016-09-07|2017-10-01|CANALE|COMUNE|0040370001|CNIC82200Q|CNMM82201R|"CANALE ""MONSIGNOR L.SIBONA"""|||No|44.794986|7.994403999999999|Adeguamento normativo|Cantiere aperto|E66J15000010002|800000.0|800000.0
Decreto Mutui BEI prima annualità - Decreto Interministeriale 23 gennaio 2015|Piemonte|Cuneo|Caramagna Piemonte|004041|MIUR|2017-07-31|2016-05-27|2017-05-29|CARAMAGNA PIEMONTE|COMUNE|0040410002|CNIC838009|CNAA838038|CARAMAGNA P.TE-CAPOLUOGO|||No|44.782992|7.738949000000001|Manutenzione straordinaria|Concluso|H11E15000060001|497127.84|497127.84
Decreto Mutui BEI prima annualità - Decreto Interministeriale 23 gennaio 2015|Piemonte|Cuneo|Cardè|004042|MIUR|2017-07-31|2016-07-05|2016-07-27|CARDE`|COMUNE|0040420003|CNIC83100E|CNEE83105R|CARDE` - CAPOL.|||No|44.743644|7.481766|Manutenzione straordinaria|Concluso|I29E13000230004|120000.0|119002.83
Decreto Mutui BEI prima annualità - Decreto Interministeriale 23 gennaio 2015|Piemonte|Cuneo|Carrù|004043|MIUR|2017-07-31|2016-04-21|2017-07-15|CARRU`|COMUNE|0040430001|CNIC80600T|CNEE806021|CARRU`|||No|44.477996000000005|7.873856|Efficientamento energetico|Cantiere aperto|J31E15000580001|783339.5|783339.5
Decreto Mutui BEI prima annualità - Decreto Interministeriale 23 gennaio 2015|Piemonte|Cuneo|Ceresole Alba|004062|MIUR|2017-07-31|2016-04-01|2016-09-27|CERESOLE ALBA|COMUNE|0040620001|CNIC817008|CNEE81701A|CERESOLE ALBA|||No|44.801306|7.818533|Efficientamento energetico|Concluso|F41E15000070001|715000.0|715000.0
Decreto Mutui BEI prima annualità - Decreto Interministeriale 23 gennaio 2015|Piemonte|Cuneo|Cervere|004065|MIUR|2017-07-31|2016-08-25|2017-02-22|CERVERE|COMUNE|0040650003|CNMM14800T|CNMM14801V|FOSSANO SS CERVERE|||No|44.635849|7.787794|Efficientamento energetico|Concluso|B71E15000480004|800000.0|600000.0
Decreto Mutui BEI prima annualità - Decreto Interministeriale 23 gennaio 2015|Piemonte|Cuneo|Ceva|004066|MIUR|2017-07-31|2016-05-18|2016-11-15|CEVA|COMUNE|0040660001|CNIC813001|CNAA81303X|CEVA-CAPOLUOGO|||No|44.383379|8.031329|Manutenzione straordinaria|Concluso|C86D13001230001|676120.69|676120.69
Decreto Mutui BEI prima annualità - Decreto Interministeriale 23 gennaio 2015|Piemonte|Cuneo|Chiusa di Pesio|004068|MIUR|2017-07-31|2016-06-06|2017-05-22|CHIUSA DI PESIO|COMUNE|0040680003|CNIC841005|CNMM841016|"CHIUSA DI PESIO ""T.VALLAURI"""|||No|44.326634999999996|7.67485|Miglioramento sismico|Concluso|C11E15000350006|800000.0|800000.0
Decreto Mutui BEI prima annualità - Decreto Interministeriale 23 gennaio 2015|Piemonte|Cuneo|Demonte|004079|MIUR|2017-07-31|2016-03-21|2017-03-27|DEMONTE|COMUNE|0040790001|CNIC80300A|CNMM80301B|DEMONTE SECONDARIA I GRADO||Gli interventi riguardano l`adeguamento sismico della struttura e consistono nell’inserimento di appositi rinforzi. nel rifacimento dei tramezzi in cartongesso e dei tamponamenti esterni. e nella realizzazione di un cappotto termico.|No|44.315732000000004|7.2927919999999995|Efficientamento energetico|Concluso|C31E15000300001|800000.0|799904.2
Decreto Mutui BEI prima annualità - Decreto Interministeriale 23 gennaio 2015|Piemonte|Cuneo|Envie|004085|MIUR|2017-07-31|2016-04-27|2017-06-21|ENVIE|COMUNE|0040850003|CNIC834002|CNAA83401V|ENVIE-CAPOLUOGO|||No|44.680603000000005|7.373766000000001|Efficientamento energetico|Concluso|H91E15000310006|800000.0|713768.58
Decreto Mutui BEI prima annualità - Decreto Interministeriale 23 gennaio 2015|Piemonte|Cuneo|Farigliano|004086|MIUR|2017-07-31|||FARIGLIANO|COMUNE|0040860002|CNIC846008|CNAA846026|REGINA MARGHERITA FARIGLIANO|||No|44.512543|7.913575|Manutenzione straordinaria e ristrutturazione|Cantiere aperto|I11E15000500001|576339.31|576339.31
Decreto Mutui BEI prima annualità - Decreto Interministeriale 23 gennaio 2015|Piemonte|Cuneo|Fossano|004089|MIUR|2017-07-31|2016-03-29|2016-09-24|CUNEO|PROVINCIA|0040890014|CNIS01700C|CNTF017022|FOSSANO  G.VALLAURI |||No|44.555634000000005|7.7359919999999995|Efficientamento energetico|Concluso|I44H15000610002|800000.0|800000.0
Decreto Mutui BEI prima annualità - Decreto Interministeriale 23 gennaio 2015|Piemonte|Cuneo|Genola|004096|MIUR|2017-07-31|2016-04-18|2017-05-16|GENOLA|COMUNE|0040960004|CNEE033008|CNMM14802X|FOSSANO SS GENOLA|||No|44.586021|7.660456|Manutenzione straordinaria|Concluso|H21E15000310006|850591.33|800000.0
Decreto Mutui BEI prima annualità - Decreto Interministeriale 23 gennaio 2015|Piemonte|Cuneo|Lequio Berria|004106|MIUR|2017-07-31|2016-06-14|2016-10-31|LEQUIO BERRIA|COMUNE|0041060001|CNIC81400R|CNMM81402V|BOSSOLASCO SS LEQUIO BERRIA|||No|44.602424|8.096895|Miglioramento sismico|Concluso|F31E15000030006|270000.0|260000.0
Decreto Mutui BEI prima annualità - Decreto Interministeriale 23 gennaio 2015|Piemonte|Cuneo|Magliano Alfieri|004113|MIUR|2017-07-31|2016-02-26|2017-02-25|MAGLIANO ALFIERI|COMUNE|0041130004|CNIC82300G|CNEE82304R|F.EUSEBIO|||No|44.760102|8.070836|Efficientamento energetico|Concluso|C11E15000240005|862500.0|800000.0
Decreto Mutui BEI prima annualità - Decreto Interministeriale 23 gennaio 2015|Piemonte|Cuneo|Magliano Alpi|004114|MIUR|2017-09-14|2016-07-04|2016-12-29|MAGLIANO ALPI|COMUNE|0041140001|CNIC80600T|CNEE806054|MAGLIANO ALPI|||No|44.459559999999996|7.801121000000001|Efficientamento energetico|Cantiere aperto|I21E15000200005|800000.0|796000.0
Decreto Mutui BEI prima annualità - Decreto Interministeriale 23 gennaio 2015|Piemonte|Cuneo|Monforte d`Alba|004132|MIUR|2017-07-31|2016-06-24|2017-06-27|MONFORTE D`ALBA|COMUNE|0041320005|CNIC81900X|CNEE819045|MONFORTE D`ALBA -|||No|44.582226|7.969555000000001|Efficientamento energetico|Concluso|G24H15001460001|785000.0|784987.3
Decreto Mutui BEI prima annualità - Decreto Interministeriale 23 gennaio 2015|Piemonte|Cuneo|Montaldo Roero|004135|MIUR|2017-07-31|2016-02-29|2017-02-28|MONTALDO ROERO|COMUNE|0041350001|CNIC82200Q|CNEE82202V|MONTALDO ROERO - CAPOLUOGO|||No|44.768577|7.924439|Miglioramento sismico|Concluso|B51E15000230005|850000.0|800000.0
Decreto Mutui BEI prima annualità - Decreto Interministeriale 23 gennaio 2015|Piemonte|Cuneo|Neive|004148|MIUR|2017-07-31|2016-05-04|2016-10-31|NEIVE|COMUNE|0041480002|CNIC83700D|CNAA83702B|NEIVE|||No|44.721357|8.120224|Efficientamento energetico|Concluso|E94E15000700001|740000.0|680000.0
Decreto Mutui BEI prima annualità - Decreto Interministeriale 23 gennaio 2015|Piemonte|Cuneo|Paesana|004157|MIUR|2017-07-31|2016-02-01|2016-10-24|PAESANA|COMUNE|0041570001|CNIC83500T|CNEE835032|PAESANA - CAPOLUOGO|||No|44.64607|7.321967999999999|Efficientamento energetico|Concluso|C91E15000070005|849500.0|800000.0
Decreto Mutui BEI prima annualità - Decreto Interministeriale 23 gennaio 2015|Piemonte|Cuneo|Pocapaglia|004170|MIUR|2017-07-31|2016-06-03|2017-01-28|POCAPAGLIA|COMUNE|0041700003|CNIC820004|CNAA820044|POCAPAGLIA - CAP.|||No|44.719466|7.887266|Adeguamento normativo|Concluso|E41E14000570001|500000.0|500000.0
Decreto Mutui BEI prima annualità - Decreto Interministeriale 23 gennaio 2015|Piemonte|Cuneo|Priocca|004176|MIUR|2017-07-31|2016-04-27|2017-04-27|PRIOCCA|COMUNE|0041760003|CNIC82300G|CNAA82304G|SAN G.BENEDETTO COTTOLENGO|||Si|44.791115000000005|8.062388|Miglioramento sismico|Concluso|B11E15000230005|850000.0|800000.0
Decreto Mutui BEI prima annualità - Decreto Interministeriale 23 gennaio 2015|Piemonte|Cuneo|Rocca de` Baldi|004189|MIUR|2017-07-31|2016-06-22|2017-05-03|ROCCA DE` BALDI|COMUNE|0041890003|CNMM14900N|CNMM14901P|MONDOVI` SS ROCCA DE` BALDI|||No|44.431551|7.746909|Adeguamento normativo|Concluso|C51E15000140006|715867.98|701550.62
Decreto Mutui BEI prima annualità - Decreto Interministeriale 23 gennaio 2015|Piemonte|Cuneo|Rodello|004196|MIUR|2017-07-31|2016-05-17|2016-09-10|RODELLO|COMUNE|0041960001|CNIC84900Q|CNEE849063|RODELLO - CAPOLUOGO|||No|44.630388|8.058662|Efficientamento energetico|Concluso|I36J15000000002|160000.0|155642.84
Decreto Mutui BEI prima annualità - Decreto Interministeriale 23 gennaio 2015|Piemonte|Cuneo|Sampeyre|004205|MIUR|2017-07-31|2016-06-21|2016-06-20|SAMPEYRE|COMUNE|0042050001|CNIC826003|CNMM826025|VENASCA SS SAMPEYRE|||No|44.580539|7.186201|Efficientamento energetico|Concluso|H34H15000480003|502000.0|502000.0
Decreto Mutui BEI prima annualità - Decreto Interministeriale 23 gennaio 2015|Piemonte|Cuneo|San Michele Mondovì|004210|MIUR|2017-07-31|2016-02-27|2017-06-30|SAN MICHELE MONDOVI`|COMUNE|0042100002|CNIC811009|CNEE81104E|F. VAGLIO - S. MICHELE MONDOVI`|||No|44.377272999999995|7.909725999999999|Miglioramento sismico|Concluso|J81E15000920001|800000.0|800000.0
Decreto Mutui BEI prima annualità - Decreto Interministeriale 23 gennaio 2015|Piemonte|Cuneo|Sant`Albano Stura|004211|MIUR|2017-11-27|2016-04-20|2017-11-19|SANT`ALBANO STURA|COMUNE|0042110003|CNIC80700N|CNEE80703T|SANT`ALBANO STURA-CAPOLUOGO|||No|44.507026|7.722963|Miglioramento sismico|Concluso|D91E15000460002|800000.0|796951.0
Decreto Mutui BEI prima annualità - Decreto Interministeriale 23 gennaio 2015|Piemonte|Cuneo|Santo Stefano Roero|004214|MIUR|2017-07-31|2016-02-26|2017-02-25|SANTO STEFANO ROERO|COMUNE|0042140003|CNIC82100X|CNEE821034|SANTO STEFANO ROERO - CAPOLUOGO|||No|44.786946|7.942784|Efficientamento energetico|Concluso|F31E15000440001|600000.0|570000.0
Decreto Mutui BEI prima annualità - Decreto Interministeriale 23 gennaio 2015|Piemonte|Cuneo|Savigliano|004215|MIUR|2017-07-31|2016-06-13|2016-09-09|SAVIGLIANO|COMUNE|0042150008|CNIC85200G|CNMM85201L|SAVIGLIANO GIOVANNI XXIII|||No|44.646761|7.658878|Miglioramento sismico|Concluso|G44H15000080001|800000.0|800000.0
Decreto Mutui BEI prima annualità - Decreto Interministeriale 23 gennaio 2015|Piemonte|Cuneo|Sommariva Perno|004223|MIUR|2017-07-31|2016-06-22|2017-10-31|SOMMARIVA PERNO|COMUNE|0042230003|CNIC818004|CNEE818049|SOMMARIVA PERNO CAPOLUOGO|||No|44.745142|7.904253|Demolizione e ampliamento|Cantiere aperto|D27B15000250001|800000.0|800000.0
Decreto Mutui BEI prima annualità - Decreto Interministeriale 23 gennaio 2015|Piemonte|Cuneo|Trinità|004232|MIUR|2017-07-31|2016-03-31|2016-10-27|TRINITA`|COMUNE|0042320003|CNIC80700N|CNEE80704V|TRINITA`-CAPOLUOGO||Sono stati effettuati interventi di ristrutturazione. a livello strutturale. energetico e sismico.|No|44.507251000000004|7.7600039999999995|Efficientamento energetico|Concluso|I31E15000070002|800000.0|800000.0
#SBLOCCASCUOLE 2016 -  DPCM 27 aprile 2016|Piemonte|Cuneo|Alba|4003|Amministrazione provinciale|2017-11-28|2016-08-22|2017-09-20|PROVINCIA di CUNEO|PROVINCIA|0040034019||CNPS030008|ALBA -  LEONARDO COCITO |||Si|44.70006|8.038033|RistrutturazioneManutenzione straordinaria|Concluso|I81E16000450003|205000.0|137144.84
#SBLOCCASCUOLE 2016 -  DPCM 27 aprile 2016|Piemonte|Cuneo|Barge|4012|Amministrazione comunale|2017-11-28|2016-08-29|2016-09-20|COMUNE di Barge|COMUNE|0040120008||CNEE83303A|BARGE-FRAZ.CROCERA|||Si|44.727237|7.324648|Efficientamento energetico, messa in sicurezza|Concluso|D86J16000450001|47800.0|47800.0
#SBLOCCASCUOLE 2016 -  DPCM 27 aprile 2016|Piemonte|Cuneo|Barge|4012|Amministrazione comunale|2017-11-28|2016-08-29|2016-09-20|COMUNE di Barge|COMUNE|0040120009||CNEE833029|BARGE-FRAZ.S.MARTINO|||Si|44.723082|7.3234710000000005|Efficientamento energetico, messa in sicurezza|Concluso|D86J16000460001|18817.02|18817.02
#SBLOCCASCUOLE 2016 -  DPCM 27 aprile 2016|Piemonte|Cuneo|Beinette|4016|Amministrazione comunale|2017-11-28|2016-09-15|2016-11-15|COMUNE di Beinette|COMUNE|0040161001||CNAA80201B|BEINETTE-CAPOLUOGO|||Si|44.364228999999995|7.6433919999999995|Adeguamento impiantistica e/o antincendio|Concluso|E34H16000090004|66617.0|66617.0
#SBLOCCASCUOLE 2016 -  DPCM 27 aprile 2016|Piemonte|Cuneo|Bossolasco|4027|Amministrazione comunale|2017-11-28|2016-07-01|2018-06-30|COMUNE di Bossolasco|COMUNE|0040272001||CNEE814042|BOSSOLASCO - CAPOLUOGO|||Si|44.528876000000004|8.051285|Efficientamento energetico|Cantiere aperto|E51E15000330002|65000.0|28867.37
#SBLOCCASCUOLE 2016 -  DPCM 27 aprile 2016|Piemonte|Cuneo|Caraglio|4040|Amministrazione comunale|2017-11-28|2016-07-11|2016-08-19|COMUNE di Caraglio|COMUNE|0040400001||CNMM804017|CARAGLIO SCUOLA MEDIA|||No|44.415906|7.431108|Adeguamento impiantistica e/o antincendio. Conseguimento certificazioni (opere escluse)|Concluso|C91H14000160002|126700.0|2152.61
#SBLOCCASCUOLE 2016 -  DPCM 27 aprile 2016|Piemonte|Cuneo|Castelletto Stura|4049|Amministrazione comunale|2017-11-28|2016-09-15|2016-12-06|COMUNE di Castelletto Stura|COMUNE|0040490001||CNAA80202C|CASTELLETTO STURA-CAPOLUOGO|||Si|44.443855|7.6392|Efficientamento energetico|Concluso|G99D15002230001|135987.54|135987.54
#SBLOCCASCUOLE 2016 -  DPCM 27 aprile 2016|Piemonte|Cuneo|Cavallermaggiore|4059|Amministrazione comunale|2017-11-28|2017-05-24|2017-09-21|COMUNE di Cavallermaggiore|COMUNE|0040592004||CNEE83802C|CAVALLERMAGGIORE - CAPOLUOGO|||Si|44.706134000000006|7.687235|Efficientamento energetico|Concluso|G14H14000720004|400000.0|177645.39
#SBLOCCASCUOLE 2016 -  DPCM 27 aprile 2016|Piemonte|Cuneo|Cervasca|4064|Amministrazione comunale|2017-11-28|2016-09-01|2016-10-10|COMUNE di Cervasca|COMUNE|0040640001|CNIC840009|CNEE84001B|CERVASCA - CAPOLUOGO|||No|44.383389|7.468952000000001|MESSA IN SICUREZZA|Concluso|B61E16000300004|160000.0|43728.09
#SBLOCCASCUOLE 2016 -  DPCM 27 aprile 2016|Piemonte|Cuneo|Ceva|4066|Amministrazione comunale|2017-11-28|2017-06-12|2017-07-28|COMUNE di Ceva|COMUNE|0040660002||CNEE813035|CEVA - CAPOLUOGO|||Si|44.384275|8.031825|Accessibilita` e abbattimento delle barriere architettoniche, rifacimento tetto scuola elementare e messa in sicurezza|Concluso|C84H16000580004|88490.35|84381.56
#SBLOCCASCUOLE 2016 -  DPCM 27 aprile 2016|Piemonte|Cuneo|Cherasco|4067|Amministrazione comunale|2017-11-28|2016-04-19|2017-06-19|COMUNE di Cherasco|COMUNE|0040673002||CNMM825018|"CHERASCO ""S.TARICCO"""|||Si|44.649537|7.858158|Adeguamento impiantistica e/o antincendio , Efficientamento energetico, RISTRUTTURAZIONE TETTO, FACCIATA E ALCUNI LOCALI INTERNI|Concluso|B97E13000210002|450000.0|275350.35
#SBLOCCASCUOLE 2016 -  DPCM 27 aprile 2016|Piemonte|Cuneo|Cuneo|4078|Amministrazione comunale|2017-11-28|2016-01-01|2016-12-31|COMUNE di Cuneo|COMUNE|0040780028||CNEE00301D|CUNEO-CAPOL.VIALE ANGELI|||Si|44.389484|7.547899|Efficientamento energetico|Concluso|B24H14000460004|126997.0|94287.26
#SBLOCCASCUOLE 2016 -  DPCM 27 aprile 2016|Piemonte|Cuneo|Cuneo|4078|Amministrazione comunale|2017-11-28|2017-07-11|2017-09-01|COMUNE di Cuneo|COMUNE|0040780031||CNEE847016|CUNEO-FRAZ.BORGO S.GIUSEPPE|||Si|44.376813|7.537136|Efficientamento energetico|Concluso|B21E15000560004|270000.0|200457.97
#SBLOCCASCUOLE 2016 -  DPCM 27 aprile 2016|Piemonte|Cuneo|Cuneo|4078|Amministrazione comunale|2017-11-28|2017-07-10|2017-09-01|COMUNE di Cuneo|COMUNE|0040780042||CNEE848012|G. RODARI - MADONNA DELL`OLMO|||Si|44.363302000000004|7.524795|Efficientamento energetico|Concluso|B21E15000570004|500000.0|371218.46
#SBLOCCASCUOLE 2016 -  DPCM 27 aprile 2016|Piemonte|Cuneo|Cuneo|4078|Amministrazione provinciale|2017-11-28|2018-03-01|2018-10-15|PROVINCIA di CUNEO|PROVINCIA|0040784012||CNPM010004|CUNEO -  EDMONDO DE AMICIS |||No|44.382683|7.5452960000000004|Adeguamento impiantistica e/o antincendio|Start|I21E16000120003|560000.0|374639.57
#SBLOCCASCUOLE 2016 -  DPCM 27 aprile 2016|Piemonte|Cuneo|Cuneo|4078|Amministrazione provinciale|2017-11-28|2016-08-22|2017-09-20|PROVINCIA di CUNEO|PROVINCIA|0040784010||CNTD04000P|CUNEO -  F. A. BONELLI |||No|44.385861|7.5482130000000005|Adeguamento impiantistica e/o antincendio|Concluso|I21E16000220003|200000.0|133799.84
#SBLOCCASCUOLE 2016 -  DPCM 27 aprile 2016|Piemonte|Cuneo|Demonte|4079|Amministrazione comunale|2017-11-28|2017-06-08|2018-06-30|COMUNE di Demonte|COMUNE|0040790001||CNIC80300A|"DEMONTE  ""L. ROMANO"""|||Si|44.314945|7.295239|Adeguamento impiantistica e/o antincendio , Adeguamento sismico|Cantiere aperto|C31E15000500002|240000.0|81300.8
#SBLOCCASCUOLE 2016 -  DPCM 27 aprile 2016|Piemonte|Cuneo|Diano d`Alba|4080|Amministrazione comunale|2017-11-28|2016-11-01|2018-06-30|COMUNE di Diano d`Alba|COMUNE|004080000A||CNEE849052|"DIANO D`ALBA - CAP. ""EINAUDI"""|||Si|44.650612|8.027834|Adeguamento impiantistica e/o antincendio|Cantiere aperto|D49D16001500004|150000.0|100349.49
#SBLOCCASCUOLE 2016 -  DPCM 27 aprile 2016|Piemonte|Cuneo|Dronero|4082|Amministrazione provinciale|2017-11-28|2016-07-08|2017-09-20|PROVINCIA di CUNEO|PROVINCIA|0040824001||CNRH028024|DRONERO  GIANFRANCO DONADIO |||Si|44.466111|7.365317|Adeguamento impiantistica e/o antincendio|Concluso|I61E16000160003|200000.0|133799.84
#SBLOCCASCUOLE 2016 -  DPCM 27 aprile 2016|Piemonte|Cuneo|Faule|4087|Amministrazione comunale|2017-11-28|2018-03-01|2018-10-15|COMUNE di Faule|COMUNE|004087000A||CNEE83107V|POLONGHERA - CAPOLUOGO|||Si|44.805475|7.582145|Nuova edificazione|In approvazione|G27B12000060000|840000.0|113856.65
#SBLOCCASCUOLE 2016 -  DPCM 27 aprile 2016|Piemonte|Cuneo|Fossano|4089|Amministrazione comunale|2017-11-28|2016-09-01|2016-09-15|COMUNE di Fossano|COMUNE|0040890012||CNEE033151|FOSSANO- CAP.  P. LEVI |||Si|44.54911|7.722883|Accessibilita` e abbattimento delle barriere architettoniche. Miglioramento sismico.|Concluso|D44H15000770004|141000.0|98335.62
#SBLOCCASCUOLE 2016 -  DPCM 27 aprile 2016|Piemonte|Cuneo|Fossano|4089|Amministrazione comunale|2017-11-28|2016-09-01|2016-09-30|COMUNE di Fossano|COMUNE|0040890016||CNMM14800T|"FOSSANO ""SACCO-BOETTO-PAGLIERI"""|||Si|44.555132|7.7323509999999995|OPERE VARIE|Concluso|D44H15000780004|150000.0|104612.37
#SBLOCCASCUOLE 2016 -  DPCM 27 aprile 2016|Piemonte|Cuneo|Fossano|4089|Amministrazione comunale|2017-11-28|2016-07-08|2016-08-21|COMUNE di Fossano|COMUNE|0040890019||CNEE033008|FOSSANO-SECONDO CIRCOLO|||Si|44.544362|7.720128|ADEGUAMENTO SERVIZI IGIENICI|Concluso|D44H15000760004|31220.14|21773.41
#SBLOCCASCUOLE 2016 -  DPCM 27 aprile 2016|Piemonte|Cuneo|Fossano|4089|Amministrazione provinciale|2017-11-28|2016-08-22|2017-09-20|PROVINCIA di CUNEO|PROVINCIA|0040894001||CNRA012019|FOSSANO  P. BARBERO |||Si|44.562948|7.738322|Adeguamento impiantistica e/o antincendio|Concluso|I41E16000090003|162500.0|108712.37
#SBLOCCASCUOLE 2016 -  DPCM 27 aprile 2016|Piemonte|Cuneo|Guarene|4101|Amministrazione comunale|2017-11-28|2016-09-01|2016-12-31|COMUNE di Guarene|COMUNE|0041012001||CNEE06204C|GUARENE - FRAZ. VACCHERIA|||Si|44.738735|8.032839|Efficientamento energetico|Concluso|B74H15001200002|170000.0|113729.59
#SBLOCCASCUOLE 2016 -  DPCM 27 aprile 2016|Piemonte|Cuneo|Magliano Alpi|4114|Amministrazione comunale|2017-11-28|2016-07-04|2016-09-04|COMUNE di Magliano Alpi|COMUNE|0041140001||CNEE806054|MAGLIANO ALPI|||Si|44.465676|7.822911|Adeguamento impiantistica e/o antincendio|Concluso|I24H15000420002|68000.0|14211.63
#SBLOCCASCUOLE 2016 -  DPCM 27 aprile 2016|Piemonte|Cuneo|Marene|4117|Amministrazione comunale|2017-11-28|2016-12-15|2017-06-15|COMUNE di Marene|COMUNE|0041172002||CNEE85201N|MARENE - CAPOLUOGO|||Si|44.661892|7.732907000000001|Adeguamento impiantistica e/o antincendio|Concluso|C55I16000050004|70000.0|30104.6
#SBLOCCASCUOLE 2016 -  DPCM 27 aprile 2016|Piemonte|Cuneo|Margarita|4118|Amministrazione comunale|2017-11-28|2016-08-10|2016-09-10|COMUNE di Margarita|COMUNE|0041180001||CNEE80203P|MARGARITA-CAPOLUOGO|||Si|44.402778999999995|7.6852089999999995|Accessibilita` e abbattimento delle barriere architettoniche, modifiche interne|Concluso|F61H16000070004|24000.0|24000.0
#SBLOCCASCUOLE 2016 -  DPCM 27 aprile 2016|Piemonte|Cuneo|Monasterolo di Savigliano|4128|Amministrazione comunale|2017-11-28|2016-09-19|2016-10-11|COMUNE di Monasterolo di Savigliano|COMUNE|0041280002||CNEE83102N|MONASTEROLO SAVIGLIANO CAPOL.|||Si|44.686955|7.621956|Efficientamento energetico|Concluso|G71E16000120004|25000.0|22205.67
#SBLOCCASCUOLE 2016 -  DPCM 27 aprile 2016|Piemonte|Cuneo|Narzole|4147|Amministrazione comunale|2017-11-28|2016-09-01|2016-09-30|COMUNE di Narzole|COMUNE|0041470002||CNEE82504C|NARZOLE - CAPOLUOGO|||Si|44.594768|7.868866000000001|Accessibilita` e abbattimento delle barriere architettoniche|Concluso|D87B16000140004|67000.0|67000.0
#SBLOCCASCUOLE 2016 -  DPCM 27 aprile 2016|Piemonte|Cuneo|Rifreddo|4181|Amministrazione comunale|2017-11-28|2016-07-12|2016-09-10|COMUNE di Rifreddo|COMUNE|0041810003||CNEE83501X|RIFREDDO - CAPOLUOGO|||Si|44.650016|7.348859|Lavori di efficentamento edificio|Concluso|F64H16000520004|19000.0|18963.64
#SBLOCCASCUOLE 2016 -  DPCM 27 aprile 2016|Piemonte|Cuneo|Robilante|4185|Amministrazione comunale|2017-11-28|2016-09-01|2017-09-20|COMUNE di Robilante|COMUNE|0041850001|CNIC81000D|CNMM81001E|ROBILANTE|||No|44.293622|7.5133600000000005|Ampliamento/ sopraelevazione|Concluso|H11E16000370004|99950.0|97354.12
#SBLOCCASCUOLE 2016 -  DPCM 27 aprile 2016|Piemonte|Cuneo|Roccavione|4192|Amministrazione comunale|2017-11-28|2017-05-22|2018-06-30|COMUNE di Roccavione|COMUNE|0041922002||CNEE81003N|ROCCAVIONE - CAPOLUOGO|||Si|44.315026|7.4798100000000005|ISTALLAZIONE ASCENSORE|Cantiere aperto|B89D16002570004|57700.0|57700.0
#SBLOCCASCUOLE 2016 -  DPCM 27 aprile 2016|Piemonte|Cuneo|Sale delle Langhe|4199|Amministrazione comunale|2017-11-28|2016-09-01|2018-06-30|COMUNE di Sale delle Langhe|COMUNE|0041990001||CNEE813024|SALE DELLE LANGHE - CAPOLUOGO|||Si|44.394185|8.079377000000001|Adeguamento impiantistica e/o antincendio , Efficientamento energetico , Accessibilit� e abbattimento delle barriere architettoniche , Adeguamento sismico|Cantiere aperto|C61E15000400006|191319.0|17729.45
#SBLOCCASCUOLE 2016 -  DPCM 27 aprile 2016|Piemonte|Cuneo|Savigliano|4215|Amministrazione provinciale|2017-11-28|2016-07-25|2017-09-20|PROVINCIA di CUNEO|PROVINCIA|0042154003||CNIS02200X|"SAVIGLIANO - ""ARIMONDI-EULA"""|||Si|44.647816999999996|7.654881|Adeguamento impiantistica e/o antincendio. Bonifica amianto|Concluso|I46E09000480005|253823.22|169807.54
#SBLOCCASCUOLE 2016 -  DPCM 27 aprile 2016|Piemonte|Cuneo|Treiso|4230|Amministrazione comunale|2017-11-28|2018-03-01|2018-10-15|COMUNE di Treiso|COMUNE|0042302001||CNEE83704P|TREISO|||Si|44.689777|8.089555|Adeguamento impiantistica e/o antincendio|Start|C14H16000740004|43523.12|43523.12
#SBLOCCASCUOLE 2016 -  DPCM 27 aprile 2016|Piemonte|Cuneo|Venasca|4237|Amministrazione comunale|2017-11-28|2018-03-01|2018-10-15|COMUNE di Venasca|COMUNE|0042373001||CNIC826003|VENASCA-COSTIGLIOLE S.|||Si|44.562309|7.396961999999999|Efficientamento energetico, Risanamento|In approvazione|I86J16000560004|43523.12|43523.12
#SBLOCCASCUOLE 2016 -  DPCM 27 aprile 2016|Piemonte|Cuneo|Verzuolo|4240|Amministrazione comunale|2017-11-28|2016-10-15|2016-11-20|COMUNE di Verzuolo|COMUNE|0042401004||CNAA845019|INFANZIA VERZUOLO CAP.|||Si|44.585572|7.4841679999999995|COSTRUZIONE INTEGRALE DEL TETTO|Concluso|B29D15000730004|67545.0|67545.0
#SBLOCCASCUOLE 2016 -  DPCM 27 aprile 2016|Piemonte|Cuneo|Verzuolo|4240|Amministrazione comunale|2017-11-28|2018-03-01|2018-10-15|COMUNE di Verzuolo|COMUNE|0042403001||CNIC84500C|I.C. LEONARDO DA VINCI VERZUOLO|||Si|44.596288|7.4836149999999995|Efficientamento energetico|In approvazione|B26J16000490002|192756.13|192756.13
#SBLOCCASCUOLE 2016 -  DPCM 27 aprile 2016|Piemonte|Cuneo|Verzuolo|4240|Amministrazione provinciale|2017-11-28|2016-08-22|2018-06-30|PROVINCIA di CUNEO|PROVINCIA|0042404001||CNRA01203B|VERZUOLO  P. BARBERO |||Si|44.601279|7.482236|Adeguamento impiantistica e/o antincendio|Cantiere aperto|I21E16000110003|150000.0|100349.88
#SBLOCCASCUOLE 2016 -  DPCM 27 aprile 2016|Piemonte|Cuneo|Cervasca|4064|Amministrazione comunale|2017-11-28|2016-09-01|2016-11-05|COMUNE di Cervasca|COMUNE|0040640004|CNIC840009|CNMM84001A|"CERVASCA ""G. MARCONI"""|||No|44.383305|7.4687850000000005|MESSA IN SICUREZZA|Concluso|B64H16000670004|100000.0|27330.06
#SBLOCCASCUOLE 2016 -  DPCM 27 aprile 2016|Piemonte|Cuneo|Cortemilia|4073|Amministrazione comunale|2017-11-28|2016-11-16|2016-12-21|COMUNE di Cortemilia|COMUNE|0040730001||CNAA81602A|CORTEMILIA   CAPOLUOGO|||No|44.583107|8.191303999999999|Efficientamento energetico|Concluso|H69D15000550005|200000.0|133799.73
#SBLOCCASCUOLE 2016 -  DPCM 27 aprile 2016|Piemonte|Cuneo|Costigliole Saluzzo|4075|Amministrazione comunale|2017-11-28|2016-09-09|2016-10-08|COMUNE di Costigliole Saluzzo|COMUNE|0040750003||CNEE82610G|COSTIGLIOLE SALUZZO - CAPOL.|||Si|44.565003000000004|7.4859979999999995|INSONORIZZAZIONE ACUSTICA|Concluso|C84H16001100004|10614.0|10614.0
#SBLOCCASCUOLE 2016 -  DPCM 27 aprile 2016|Piemonte|Cuneo|Novello|4152|Amministrazione comunale|2017-11-28|2015-06-25|2015-08-31|COMUNE di Novello|COMUNE|0041520002||CNEE819023|NOVELLO - CAPOLUOGO|||No|44.590369|7.927992999999999|Efficientamento energetico|Concluso|D46J15001880004|35000.0|5713.14
#SBLOCCASCUOLE 2016 -  DPCM 27 aprile 2016|Piemonte|Cuneo|Torre Mondovì|4227|Amministrazione comunale|2017-11-28|2016-09-14|2016-09-28|COMUNE di Torre Mondov�|COMUNE|0042270001||CNEE81107N|PR. TORRE MONDOVI` - CAPOLUOGO|||No|44.351485|7.899750999999999|Efficientamento energetico|Concluso|I74H15000940004|18480.0|13323.4
