Linea_finanziamento|REGIONE|PROVINCIA|COMUNE|COD_COMUNE|FONTE|Data_aggiornamento_lavori|Data_inizio|Data_fine|ENTE_RICHIEDENTE|TIPOLOGIA_ENTE_RICHIEDENTE|CODICE_EDIFICIO|COD_PRINC|COD_MPI|NOME_SCUOLA|OGGETTO_INTERVENTO|INFO_AGGIUNTIVE|CENTRO_COMUNE|LATITUDINE|LONGITUDINE|TIPO_INTERVENTO|STATO LAVORI|Codice progetto|Importo totale opera|Finanziamento/ Provvedimento
Decreto Mutui BEI seconda annualità - Decreto Interministeriale n. 390 del 6 giugno 2017|Abruzzo|L`Aquila|Avezzano|066006|MIUR|2017-10-02|||AVEZZANO|COMUNE|||||||Si|42.035013|13.426457|Nuova Costruzione|Start||0,0000|629370,0000
Decreto Mutui BEI seconda annualità - Decreto Interministeriale n. 390 del 6 giugno 2017|Abruzzo|Chieti|San Salvo|069083|MIUR|2017-10-02|||SAN SALVO|COMUNE||CHIC832007|CHEE832019|VIA DE VITO - SAN SALVO|||Si|42.044859|14.731379|Nuova Costruzione|Start||0,0000|2000000,0000
Decreto Mutui BEI seconda annualità - Decreto Interministeriale n. 390 del 6 giugno 2017|Abruzzo|Teramo|Giulianova|067025|MIUR|2017-10-02|||GIULIANOVA|PROVINCIA|0670250332|TEIS01100D|TETF011012|I.T.T. VINCENZO CERULLI|||No|42.743007|13.963349|Messa in sicurezza|Start||0,0000|750000,0000
Decreto Mutui BEI seconda annualità - Decreto Interministeriale n. 390 del 6 giugno 2017|Abruzzo|Teramo|Campli|067008|MIUR|2017-10-02|||CAMPLI|COMUNE|||||||Si|42.726214|13.686239|Messa in sicurezza|Start||0,0000|650000,0000
Decreto Mutui BEI seconda annualità - Decreto Interministeriale n. 390 del 6 giugno 2017|Abruzzo|Pescara|Pescara|068028|MIUR|2017-10-02|||PESCARA|COMUNE|0680280016|PEIC83200Q|PEAA83201L|LEO LIONNI|||No|42.435198|14.237407|Miglioramento Sismico|Start||0,0000|800000,0000
Decreto Mutui BEI seconda annualità - Decreto Interministeriale n. 390 del 6 giugno 2017|Abruzzo|Pescara|Caramanico Terme|068007|MIUR|2017-10-02|||CARAMANICO TERME|COMUNE|0680070182|PEIC81000V|EEE810033||||Si|42.157725|14.001456|Adeguamento Sismico|Start||0,0000|205000,0000
Decreto Mutui BEI seconda annualità - Decreto Interministeriale n. 390 del 6 giugno 2017|Abruzzo|Pescara|Moscufo|068025|MIUR|2017-10-02|||MOSCUFO|COMUNE|0680250237|PEIC81100P|PEMM81102R|S.M. "G.LEOPARDI" - MOSCUFO|||No|42.426743|14.053524|Efficientamento Energetico|Start||0,0000|99915,5600
Decreto Mutui BEI seconda annualità - Decreto Interministeriale n. 390 del 6 giugno 2017|Abruzzo|L`Aquila|Castel di Sangro|066028|MIUR|2017-10-02|||CASTEL DI SANGRO|COMUNE|||||||Si|41.784871|14.108587|Nuova Costruzione|Start||0,0000|1184600,8800
Decreto Mutui BEI seconda annualità - Decreto Interministeriale n. 390 del 6 giugno 2017|Campania|Napoli|Procida|063061|MIUR|2017-10-02|||PROCIDA|COMUNE|||||||Si|40.757854|14.016769|Messa in sicurezza|Start||0,0000|1370000,0000
Decreto Mutui BEI seconda annualità - Decreto Interministeriale n. 390 del 6 giugno 2017|Campania|Salerno|Tramonti|065151|MIUR|2017-10-02|||TRAMONTI|COMUNE|0651510934|SAIC81100T|SAMM81101V|Sec I - G.Pascoli|||Si|40.694004|14.641309|Adeguamento Sismico|Start||0,0000|1500000,0000
Decreto Mutui BEI seconda annualità - Decreto Interministeriale n. 390 del 6 giugno 2017|Campania|Benevento|Foiano di Val Fortore|062031|MIUR|2017-10-02|||FOIANO DI VAL FORTORE|COMUNE|0620310221|BNIC826006|BNAA826057|Infanzia - Via Santa Maria|||Si|41.352043|14.977161|Adeguamento Sismico|Start||0,0000|287500,0000
Decreto Mutui BEI seconda annualità - Decreto Interministeriale n. 390 del 6 giugno 2017|Campania|Salerno|San Cipriano Picentino|065118|MIUR|2017-10-02|||SAN CIPRIANO PICENTINO|COMUNE|||||||Si|40.719361|14.869028|Nuova Costruzione|Start||0,0000|1297356,6100
Decreto Mutui BEI seconda annualità - Decreto Interministeriale n. 390 del 6 giugno 2017|Campania|Benevento|Bucciano|062010|MIUR|2017-10-02|||BUCCIANO|COMUNE|0620100163|BNIC83800C|BNAA83803B|Primaria - Pastorano |||Si|41.077645|14.567696|Messa in sicurezza|Start||0,0000|995000,0000
Decreto Mutui BEI seconda annualità - Decreto Interministeriale n. 390 del 6 giugno 2017|Campania|Salerno|Montano Antilia|065070|MIUR|2017-10-02|||MONTANO ANTILIA|COMUNE|0650700003|SAIC8AM009|SAMM8AM05E|Sec I - Montano Antilia   |||No|40.161416|15.359120|Ristrutturazione|Start||0,0000|1487904,0000
Decreto Mutui BEI seconda annualità - Decreto Interministeriale n. 390 del 6 giugno 2017|Campania|Caserta|Pietramelara|061058|MIUR|2017-10-02|||PIETRAMELARA|COMUNE|0610580366|CEIC8AB009|CEEE8AB01B|PIETRAMELARA-CAPOLUOGO -D.D.-|||No|41.270413|14.188859|Ristrutturazione|Start||0,0000|1499999,3600
Decreto Mutui BEI seconda annualità - Decreto Interministeriale n. 390 del 6 giugno 2017|Campania|Benevento|Santa Croce del Sannio|062069|MIUR|2017-10-02|||SANTA CROCE DEL SANNIO|COMUNE|0620690001|BNIC819003|BNEE819048|S. CROCE "CAP."|||No|41.387613|14.734366|Miglioramento Sismico|Start||0,0000|1234530,0000
Decreto Mutui BEI seconda annualità - Decreto Interministeriale n. 390 del 6 giugno 2017|Campania|Salerno|Laureana Cilento|065060|MIUR|2017-10-02|||LAUREANA CILENTO|COMUNE|0650600001|SAIC8A4009|SAEE8A405G|Primaria - Via del mercato|||No|40.300201|15.038287|Adeguamento Sismico|Start||0,0000|1050000,0000
Decreto Mutui BEI seconda annualità - Decreto Interministeriale n. 390 del 6 giugno 2017|Campania|Benevento|Colle Sannita|062025|MIUR|2017-10-02|||COLLE SANNITA|COMUNE|0620251113|BNIC833009|BNMM83305E|"F. FLORA"  COLLE SANNITA|||No|41.3655333|14.8340583|Adeguamento Sismico|Start||0,0000|2700000,0000
Decreto Mutui BEI seconda annualità - Decreto Interministeriale n. 390 del 6 giugno 2017|Campania|Napoli|Nola|063050|MIUR|2017-10-02|||NOLA|CITTAMETROPOLITANA||NATD350002|NATD350002|ITC - Masullo_Theti|||No|40.931311|14.526967|Rimozione amianto|Start||0,0000|1104569,9100
Decreto Mutui BEI seconda annualità - Decreto Interministeriale n. 390 del 6 giugno 2017|Emilia-Romagna|Piacenza|Villanova sull`Arda|033046|MIUR|2017-10-02|||Villanova sull`Arda|COMUNE|0330460090|PCIC805006|PCEE80506D|VILLANOVA SULL`ARDA-CAPOLUOGO|||No|45.023887|10.002717|Non indicato|Start||0,0000|50000,0000
Decreto Mutui BEI seconda annualità - Decreto Interministeriale n. 390 del 6 giugno 2017|Emilia-Romagna|Piacenza|Monticelli d`Ongina|033027|MIUR|2017-10-02|||Monticelli d`Ongina|COMUNE|0330270104|PCIC806002|PCEE806014|A.CASALI|||No|45.089996|9.933248|Non indicato|Start||0,0000|1086500,1000
Decreto Mutui BEI seconda annualità - Decreto Interministeriale n. 390 del 6 giugno 2017|Emilia-Romagna|Parma|Parma|034027|MIUR|2017-10-02|||Parma|COMUNE|0340270005|PRIC821001|PREE821024|A.FRANK|||No|44.806107|10.294554|Non indicato|Start||0,0000|500000,0000
Decreto Mutui BEI seconda annualità - Decreto Interministeriale n. 390 del 6 giugno 2017|Emilia-Romagna|Parma|Collecchio|034009|MIUR|2017-10-02|||Collecchio|COMUNE|0340090104|PRIC82400C|PREE82403L|GAIANO - OZZANO|||No|44.723715|10.175805|Non indicato|Start||0,0000|100000,0000
Decreto Mutui BEI seconda annualità - Decreto Interministeriale n. 390 del 6 giugno 2017|Emilia-Romagna|Parma|Sala Baganza|034031|MIUR|2017-10-02|||Sala Baganza|COMUNE|0340310200|PRIC82300L|PRAA82304L|Infanzia - Balbi Carrega|||No|44.713333|10.226351|Non indicato|Start||0,0000|250000,0000
Decreto Mutui BEI seconda annualità - Decreto Interministeriale n. 390 del 6 giugno 2017|Emilia-Romagna|Parma|Mezzani|034021|MIUR|2017-10-02|||Mezzani|COMUNE|0340210500|PRIC81400T|PRMM81402X|DI MEZZANI|||No|44.908544|10.465631|Non indicato|Start||0,0000|250000,0000
Decreto Mutui BEI seconda annualità - Decreto Interministeriale n. 390 del 6 giugno 2017|Emilia-Romagna|Parma|Tizzano Val Parma|034039|MIUR|2017-10-02|||Tizzano Val di Parma|COMUNE|0340390204|PRIC81600D|PRMM81602G|TIZZANO - "RENZO PEZZANI"|||No|44.518605|10.200517|Non indicato|Start||0,0000|195000,0000
Decreto Mutui BEI seconda annualità - Decreto Interministeriale n. 390 del 6 giugno 2017|Emilia-Romagna|Parma|Felino|034013|MIUR|2017-10-02|||Felino|COMUNE|0340130115|PRIC82300L|PREE82301P|FELINO  "RITA LEVI MONTALCINI"|||No|44.701377|10.239253|Non indicato|Start||0,0000|250000,0000
Decreto Mutui BEI seconda annualità - Decreto Interministeriale n. 390 del 6 giugno 2017|Emilia-Romagna|Reggio nell`Emilia|Guastalla|035024|MIUR|2017-10-02|||GUASTALLA|PROVINCIA|0350240316|RERF070004|RERF050508|IPSS "MARIO CARRARA" SERALE|||No|44.918132|10.662655|Non indicato|Start||0,0000|100000,0000
Decreto Mutui BEI seconda annualità - Decreto Interministeriale n. 390 del 6 giugno 2017|Emilia-Romagna|Reggio nell`Emilia|Reggio nell`Emilia|035033|MIUR|2017-10-02|||REGGIO EMILIA|PROVINCIA|0350330317|REIS01100L|RETF011015|ITIS   "L.  NOBILI"|||No|44.705752|10.635908|Non indicato|Start||0,0000|115000,0000
Decreto Mutui BEI seconda annualità - Decreto Interministeriale n. 390 del 6 giugno 2017|Emilia-Romagna|Reggio nell`Emilia|Carpineti|035011|MIUR|2017-10-02|||CARPINETI|COMUNE|0350110100|REIC826006|REEE826018|CARPINETI CAP.|||No|44.454659|10.517990|Non indicato|Start||0,0000|225000,0000
Decreto Mutui BEI seconda annualità - Decreto Interministeriale n. 390 del 6 giugno 2017|Emilia-Romagna|Reggio nell`Emilia|Casina|035013|MIUR|2017-10-02|||CASINA|COMUNE|0350130016|REIC826006|REMM826039|CASINA  "E. FERMI"|||No|44.511518|10.496823|Non indicato|Start||0,0000|140000,0000
Decreto Mutui BEI seconda annualità - Decreto Interministeriale n. 390 del 6 giugno 2017|Emilia-Romagna|Reggio nell`Emilia|Boretto|035005|MIUR|2017-10-02|||BORETTO|COMUNE|0350050221|REIC83800C|REEE83803L|Primaria - BORETTO|||No|44.905063|10.548828|Non indicato|Start||0,0000|200000,0000
Decreto Mutui BEI seconda annualità - Decreto Interministeriale n. 390 del 6 giugno 2017|Emilia-Romagna|Reggio nell`Emilia|Rolo|035035|MIUR|2017-10-02|||ROLO|COMUNE|0350350239|REIC82900N|REMM82901P|ROLO "MARCO POLO"|||No|44.884425|10.858652|Non indicato|Start||0,0000|600000,0000
Decreto Mutui BEI seconda annualità - Decreto Interministeriale n. 390 del 6 giugno 2017|Emilia-Romagna|Reggio nell`Emilia|Vezzano sul Crostolo|035043|MIUR|2017-10-02|||VEZZANO SUL CROSTOLO|COMUNE|0350430250|REIC84400Q|REEE84401T|Primaria - Guglielmo Marconi|||No|44.601336|10.544622|Non indicato|Start||0,0000|667102,8100
Decreto Mutui BEI seconda annualità - Decreto Interministeriale n. 390 del 6 giugno 2017|Emilia-Romagna|Modena|Modena|036023|MIUR|2017-10-02|||Modena|PROVINCIA|0360231114|MOTL010003|MOTL010003|G. GUARINI|||No|44.640874|10.899683|Non indicato|Start||0,0000|350000,0000
Decreto Mutui BEI seconda annualità - Decreto Interministeriale n. 390 del 6 giugno 2017|Emilia-Romagna|Modena|Sassuolo|036040|MIUR|2017-10-02|||Modena|PROVINCIA|0360400343|MOIS01600A|MORC016019|IPC - Elsa Morante|||No|44.535703|10.777465|Non indicato|Start||0,0000|280000,0000
Decreto Mutui BEI seconda annualità - Decreto Interministeriale n. 390 del 6 giugno 2017|Emilia-Romagna|Modena|Modena|036023|MIUR|2017-10-02|||Modena|COMUNE|0360230003|MOIC84100V|MOEE841011|"GIOVANNI XXIII" MODENA|||No|44.657070|10.897313|Non indicato|Start||0,0000|360500,0000
Decreto Mutui BEI seconda annualità - Decreto Interministeriale n. 390 del 6 giugno 2017|Emilia-Romagna|Modena|Sassuolo|036040|MIUR|2017-10-02|||Sassuolo|COMUNE|0360400737|MOIC82800C|MOMM82801D|DOTT. FRANCESCO RUINI|||No|44.533919|10.778972|Non indicato|Start||0,0000|116200,0000
Decreto Mutui BEI seconda annualità - Decreto Interministeriale n. 390 del 6 giugno 2017|Emilia-Romagna|Modena|Castelnuovo Rangone|036007|MIUR|2017-10-02|||Castelnuovo Rangone|COMUNE|0360070283|MOIC82100N|MOMM82101P|LEOPARDI  CASTELNUOVO R.|||No|44.549112|10.936738|Non indicato|Start||0,0000|104300,0000
Decreto Mutui BEI seconda annualità - Decreto Interministeriale n. 390 del 6 giugno 2017|Emilia-Romagna|Modena|Lama Mocogno|036018|MIUR|2017-10-02|||Lama Mocogno|COMUNE|0360180177|MOIC803004|MOMM803015|PAPINI|||No|44.311342|10.736756|Non indicato|Start||0,0000|35000,0000
Decreto Mutui BEI seconda annualità - Decreto Interministeriale n. 390 del 6 giugno 2017|Emilia-Romagna|Modena|Polinago|036032|MIUR|2017-10-02|||Polinago|COMUNE|0360320035|MOIC803004|MOMM803026|PAPINI - POLINAGO|||No|44.344668|10.725853|Non indicato|Start||0,0000|94654,0000
Decreto Mutui BEI seconda annualità - Decreto Interministeriale n. 390 del 6 giugno 2017|Emilia-Romagna|Modena|Campogalliano|036003|MIUR|2017-10-02|||Campogalliano|COMUNE|0360030099|MOIC80400X|MOEE804012|" G.MARCONI"  CAMPOGALLIANO|||No|44.687786|10.840706|Non indicato|Start||0,0000|420000,0000
Decreto Mutui BEI seconda annualità - Decreto Interministeriale n. 390 del 6 giugno 2017|Emilia-Romagna|Modena|Formigine|036015|MIUR|2017-10-02|||Formigine|COMUNE|0360150294|MOMM06800X|MOMM06800X|FIORI|||No|44.574001|10.844510|Non indicato|Start||0,0000|315000,0000
Decreto Mutui BEI seconda annualità - Decreto Interministeriale n. 390 del 6 giugno 2017|Emilia-Romagna|Modena|Spilamberto|036045|MIUR|2017-10-02|||Spilamberto|COMUNE|0360450249|MOIC81800T|MOMM81801V|Sec. I - FABRIANI|||No|44.532449|11.021939|Non indicato|Start||0,0000|222158,8900
Decreto Mutui BEI seconda annualità - Decreto Interministeriale n. 390 del 6 giugno 2017|Emilia-Romagna|Modena|Modena|036023|MIUR|2017-10-02|||Modena|PROVINCIA|0360230327|MOPS02000B|MOPS02000B|ALESSANDRO TASSONI|||No|44.647063|10.934613|Non indicato|Start||0,0000|250000,0000
Decreto Mutui BEI seconda annualità - Decreto Interministeriale n. 390 del 6 giugno 2017|Emilia-Romagna|Modena|Sestola|036043|MIUR|2017-10-02|||Sestola|COMUNE|0360431234|MOIC80700B|MOMM80701C|GIOVANNI XXIII|||No|44.226805|10.774091|Non indicato|Start||0,0000|58984,5300
Decreto Mutui BEI seconda annualità - Decreto Interministeriale n. 390 del 6 giugno 2017|Emilia-Romagna|Ferrara|Ferrara|038008|MIUR|2017-10-02|||Ferrara|COMUNE|0380080105|FEIC81200Q|FEEE81201T|E. MOSTI|||No|44.826534|11.608925|Non indicato|Start||0,0000|150000,0000
Decreto Mutui BEI seconda annualità - Decreto Interministeriale n. 390 del 6 giugno 2017|Emilia-Romagna|Ferrara|Bondeno|038003|MIUR|2017-10-02|||Bondeno|COMUNE|0380030221|FEIC802005|FEMM802016|Sec. I - T. BONATI|||No|44.884495|11.405054|Non indicato|Start||0,0000|110000,0000
Decreto Mutui BEI seconda annualità - Decreto Interministeriale n. 390 del 6 giugno 2017|Emilia-Romagna|Ferrara|Bondeno|038003|MIUR|2017-10-02|||Bondeno|COMUNE|0380030220|FEIC802005|FEAA802012|SCUOLA MATERNA - BONDENO|||No|44.888403|11.405210|Non indicato|Start||0,0000|50000,0000
Decreto Mutui BEI seconda annualità - Decreto Interministeriale n. 390 del 6 giugno 2017|Emilia-Romagna|Ferrara|Ferrara|038008|MIUR|2017-10-02|||Ferrara|PROVINCIA|||||||Si|44.837618|11.619540|Non indicato|Start||0,0000|400000,0000
Decreto Mutui BEI seconda annualità - Decreto Interministeriale n. 390 del 6 giugno 2017|Emilia-Romagna|Ferrara|Formignana|038009|MIUR|2017-10-02|||Formignana|COMUNE|0380090201|FEIC803001|FEMM803034|Sec. I - EDMONDO DE AMICIS|||No|44.843282|11.855264|Non indicato|Start||0,0000|150000,0000
Decreto Mutui BEI seconda annualità - Decreto Interministeriale n. 390 del 6 giugno 2017|Emilia-Romagna|Ferrara|Codigoro|038005|MIUR|2017-10-02|||Codigoro|COMUNE|0380050363|FEIC815007|FEAA815025|VIA CENTRO - PONTELANGORINO|||No|44.860171|12.149908|Non indicato|Start||0,0000|70000,0000
Decreto Mutui BEI seconda annualità - Decreto Interministeriale n. 390 del 6 giugno 2017|Emilia-Romagna|Ferrara|Codigoro|038005|MIUR|2017-10-02|||Codigoro|COMUNE|0380050162|FEIC815007|FEMM815018|Sec. I - Giovanni Pascoli|||No|44.828075|12.113722|Non indicato|Start||0,0000|150000,0000
Decreto Mutui BEI seconda annualità - Decreto Interministeriale n. 390 del 6 giugno 2017|Emilia-Romagna|Ferrara|Copparo|038007|MIUR|2017-10-02|||Copparo|COMUNE|0380070168|FEIC82500T|FEMM82501V|C.GOVONI - COPPARO|||No|44.893587|11.822416|Non indicato|Start||0,0000|75000,0000
Decreto Mutui BEI seconda annualità - Decreto Interministeriale n. 390 del 6 giugno 2017|Emilia-Romagna|Ferrara|Vigarano Mainarda|038022|MIUR|2017-10-02|||Vigarano Mainarda|COMUNE|0380220202|FEIC80400R|FEMM80401T|Sec. I - GALILEO GALILEI|||No|44.844311|11.494626|Non indicato|Start||0,0000|150000,0000
Decreto Mutui BEI seconda annualità - Decreto Interministeriale n. 390 del 6 giugno 2017|Emilia-Romagna|Bologna|Monzuno|037044|MIUR|2017-10-02|||MONZUNO|COMUNE|0370440297|BOIC838005|BOEE838017|Primaria - C. RONDELLI|||No|44.276244|11.270626|Non indicato|Start||0,0000|500000,0000
Decreto Mutui BEI seconda annualità - Decreto Interministeriale n. 390 del 6 giugno 2017|Emilia-Romagna|Bologna|Castello d`Argile|037017|MIUR|2017-10-02|2017-10-07||CASTELLO D`ARGILE|COMUNE|0370170274|BOIC80600N|BOEE80604V|Primaria - Pace Libera Tutti|||No|44.685817|11.3370446|Nuova costruzione|Cantiere aperto||1443000,0000|500000,0000
Decreto Mutui BEI seconda annualità - Decreto Interministeriale n. 390 del 6 giugno 2017|Emilia-Romagna|Bologna|San Lazzaro di Savena|037054|MIUR|2017-10-02|||SAN LAZZARO DI SAVENA|COMUNE|0370540383|BOIC882007|BOMM882018|Sec. I - Carlo Jussi|||No|44.463617|11.410537|Non indicato|Start||0,0000|380000,0000
Decreto Mutui BEI seconda annualità - Decreto Interministeriale n. 390 del 6 giugno 2017|Emilia-Romagna|Bologna|Bologna|037006|MIUR|2017-10-02|||BOLOGNA|CITTAMETROPOLITANA|||||||No|44.493744|11.343093|Non indicato|Start||0,0000|230000,0000
Decreto Mutui BEI seconda annualità - Decreto Interministeriale n. 390 del 6 giugno 2017|Emilia-Romagna|Bologna|Pieve di Cento|037048|MIUR|2017-10-02|||PIEVE DI CENTO|COMUNE|0370480081|BOIC80600N|BOAA80601E|Infanzia - Carlo Collodi|||No|44.714613|11.310966|Non indicato|Start||0,0000|80687,0000
Decreto Mutui BEI seconda annualità - Decreto Interministeriale n. 390 del 6 giugno 2017|Emilia-Romagna|Bologna|Molinella|037039|MIUR|2017-10-02|||MOLINELLA|COMUNE|0370390249|BOIC868001|BOEE868024|Primaria - MARMORTA|||No|44.618479|11.720053|Non indicato|Start||0,0000|400000,0000
Decreto Mutui BEI seconda annualità - Decreto Interministeriale n. 390 del 6 giugno 2017|Emilia-Romagna|Bologna|Molinella|037039|MIUR|2017-10-02|||MOLINELLA|COMUNE|0370390060|BOIC868001|BOAA86801T|Infanzia - Molinella|||No|44.618940|11.668976|Non indicato|Start||0,0000|220000,0000
Decreto Mutui BEI seconda annualità - Decreto Interministeriale n. 390 del 6 giugno 2017|Emilia-Romagna|Bologna|San Pietro in Casale|037055|MIUR|2017-10-02|||SAN PIETRO IN CASALE|COMUNE|0370550385|BOIC80500T|BOMM80502X|Sec. I - Bagnoli|||No|44.702309|11.400303|Non indicato|Start||0,0000|300000,0000
Decreto Mutui BEI seconda annualità - Decreto Interministeriale n. 390 del 6 giugno 2017|Emilia-Romagna|Bologna|Dozza|037025|MIUR|2017-10-02|||DOZZA|COMUNE|0370250047|BOIC84400C|BOAA84402A|Infanzia - G. Rossa|||No|44.380625|11.633864|Non indicato|Start||0,0000|360000,0000
Decreto Mutui BEI seconda annualità - Decreto Interministeriale n. 390 del 6 giugno 2017|Emilia-Romagna|Bologna|Molinella|037039|MIUR|2017-10-02|||MOLINELLA|COMUNE|0370390247|BOIC868001|BOMM868012|Sec. I - S. FERRARI|||No|44.685928|11.337014|Non indicato|Start||0,0000|150000,0000
Decreto Mutui BEI seconda annualità - Decreto Interministeriale n. 390 del 6 giugno 2017|Emilia-Romagna|Bologna|Budrio|037008|MIUR|2017-10-02|||BUDRIO|COMUNE|||||||Si|44.538297|11.531660|Non indicato|Start||0,0000|270000,0000
Decreto Mutui BEI seconda annualità - Decreto Interministeriale n. 390 del 6 giugno 2017|Emilia-Romagna|Forlì-Cesena|Bagno di Romagna|040001|MIUR|2017-10-02|||BAGNO DI ROMAGNA|COMUNE|0400010105|FOIC806001|FOMM806023|Sec. I - VALGIMIGLI|||No|43.842453|11.968352|Non indicato|Start||0,0000|560000,0000
Decreto Mutui BEI seconda annualità - Decreto Interministeriale n. 390 del 6 giugno 2017|Emilia-Romagna|Forlì-Cesena|Civitella di Romagna|040009|MIUR|2017-10-02|||CIVITELLA DI ROMAGNA|COMUNE|0400090219|FOIC80900C|FOMM80901D|Sec. I - DON LORENZO MILANI|||No|44.045264|12.009874|Non indicato|Start||0,0000|260000,0000
Decreto Mutui BEI seconda annualità - Decreto Interministeriale n. 390 del 6 giugno 2017|Emilia-Romagna|Forlì-Cesena|Forlì|040012|MIUR|2017-10-02|||COMUNE DI FORLI`|COMUNE|0400120154|FOIC82500A|FOEE82501C|MATTEOTTI|||No|44.203566|12.034176|Non indicato|Start||0,0000|420000,0000
Decreto Mutui BEI seconda annualità - Decreto Interministeriale n. 390 del 6 giugno 2017|Emilia-Romagna|Forlì-Cesena|Rocca San Casciano|040036|MIUR|2017-10-02|||ROCCA SAN CASCIANO|COMUNE|0400360096|FOIC80800L|FOMM80802P|Sec. I - Leonardo Da Vinci|||No|44.058467|11.841045|Non indicato|Start||0,0000|24000,0000
Decreto Mutui BEI seconda annualità - Decreto Interministeriale n. 390 del 6 giugno 2017|Emilia-Romagna|Ravenna|Ravenna|039014|MIUR|2017-10-02|||Ravenna|PROVINCIA|0390140245|RATF01000T|RATF01000T|NULLO BALDINI|||No|44.406569|12.192252|Non indicato|Start||0,0000|350000,0000
Decreto Mutui BEI seconda annualità - Decreto Interministeriale n. 390 del 6 giugno 2017|Emilia-Romagna|Ravenna|Russi|039016|MIUR|2017-10-02|||Russi|COMUNE|0390160156|RAIC80500P|RAEE80503V|FANTINI|||No|44.392277|12.071527|Non indicato|Start||0,0000|50000,0000
Decreto Mutui BEI seconda annualità - Decreto Interministeriale n. 390 del 6 giugno 2017|Emilia-Romagna|Ravenna|Ravenna|039014|MIUR|2017-10-02|||Ravenna|COMUNE|0390140052|RAIC81900L|RAEE81903R|G. PASCOLI|||No|44.540591|12.156157|Non indicato|Start||0,0000|220000,0000
Decreto Mutui BEI seconda annualità - Decreto Interministeriale n. 390 del 6 giugno 2017|Emilia-Romagna|Ravenna|Faenza|039010|MIUR|2017-10-02|||Faenza|COMUNE|0390100001|RAIC823008|RAAA823015|Infanzia - Stella Polare|||No|44.298959|11.892211|Non indicato|Start||0,0000|150000,0000
Decreto Mutui BEI seconda annualità - Decreto Interministeriale n. 390 del 6 giugno 2017|Emilia-Romagna|Ravenna|Faenza|039010|MIUR|2017-10-02|||Faenza|PROVINCIA|0390100225|RAIS00700E|RARI007016|I.T.I.P. L. BUCCI - SEZ. PROF.LE|||No|44.289644|11.882169|Non indicato|Start||0,0000|300000,0000
Decreto Mutui BEI seconda annualità - Decreto Interministeriale n. 390 del 6 giugno 2017|Emilia-Romagna|Ravenna|Castel Bolognese|039006|MIUR|2017-10-02|||Castel Bolognese|COMUNE|0390060105|RAIC81800R|RAEE81801V|BASSI C.|||No|44.317018|11.797243|Non indicato|Start||0,0000|60000,0000
Decreto Mutui BEI seconda annualità - Decreto Interministeriale n. 390 del 6 giugno 2017|Emilia-Romagna|Ravenna|Riolo Terme|039015|MIUR|2017-10-02|||Riolo Terme|COMUNE|0390150152|RAIC816005|RAEE816017|"G. PASCOLI" - RIOLO TERME|||No|44.277933|11.727151|Non indicato|Start||0,0000|50000,0000
Decreto Mutui BEI seconda annualità - Decreto Interministeriale n. 390 del 6 giugno 2017|Emilia-Romagna|Ravenna|Alfonsine|039001|MIUR|2017-10-02|||Alfonsine|COMUNE|0390010095|RAIC81200T|RAMM81201V|SCUOLA MEDIA A.ORIANI|||No|44.507127|12.036836|Non indicato|Start||0,0000|150000,0000
Decreto Mutui BEI seconda annualità - Decreto Interministeriale n. 390 del 6 giugno 2017|Emilia-Romagna|Rimini|Rimini|099014|MIUR|2017-10-02|||Rimini|PROVINCIA|0990140449|RNRH030001|RNRH030001|I.P.S.S.A.R.  "S.P. MALATESTA"|||No|44.044295|12.606597|Non indicato|Start||0,0000|402985,7700
Decreto Mutui BEI seconda annualità - Decreto Interministeriale n. 390 del 6 giugno 2017|Emilia-Romagna|Rimini|San Leo|099025|MIUR|2017-10-02|||San Leo|COMUNE|0990250217|RNIC811008|RNMM81102A|Sec. I - Pietracuta|||No|43.953737|12.369052|Non indicato|Start||0,0000|716200,0000
Decreto Mutui BEI seconda annualità - Decreto Interministeriale n. 390 del 6 giugno 2017|Emilia-Romagna|Rimini|Novafeltria|099023|MIUR|2017-10-02|||Novafeltria|COMUNE|0990230575|RNIC811008|RNMM811019|Sec. I - Angelo Battelli|||No|43.897897|12.288361|Non indicato|Start||0,0000|150833,2300
Decreto Mutui BEI seconda annualità - Decreto Interministeriale n. 390 del 6 giugno 2017|Friuli-Venezia Giulia|Pordenone|Sacile|093037|MIUR|2017-10-02|||SACILE|COMUNE|||||||Si|45.953835|12.493388|Manutenzione Straordinaria|Start||0,0000|487000,0000
Decreto Mutui BEI seconda annualità - Decreto Interministeriale n. 390 del 6 giugno 2017|Friuli-Venezia Giulia|Trieste|Trieste|032006|MIUR|2017-10-02|||TRIESTE|COMUNE|||||||Si|45.648251|13.774788|Messa in sicurezza|Start||0,0000|200000,0000
Decreto Mutui BEI seconda annualità - Decreto Interministeriale n. 390 del 6 giugno 2017|Friuli-Venezia Giulia|Trieste|Trieste|032006|MIUR|2017-10-02|||TRIESTE|COMUNE|||||||Si|45.654471|13.784659|Adeguamento Antincendio|Start||0,0000|800000,0000
Decreto Mutui BEI seconda annualità - Decreto Interministeriale n. 390 del 6 giugno 2017|Friuli-Venezia Giulia|Gorizia|San Canzian d`Isonzo|031018|MIUR|2017-10-02|||SAN CANZIAN D`ISONZO|COMUNE|||||||Si|45.797690|13.464356|Manutenzione Straordinaria|Start||0,0000|299985,0000
Decreto Mutui BEI seconda annualità - Decreto Interministeriale n. 390 del 6 giugno 2017|Friuli-Venezia Giulia|Udine|Moggio Udinese|030059|MIUR|2017-10-02|||MOGGIO UDINESE|COMUNE|||||||Si|46.412497|13.200551|Nuova Costruzione|Start||0,0000|570000,0000
Decreto Mutui BEI seconda annualità - Decreto Interministeriale n. 390 del 6 giugno 2017|Friuli-Venezia Giulia|Udine|Bagnaria Arsa|030008|MIUR|2017-10-02|||BAGNARIA ARSA|COMUNE|||||||Si|45.883612|13.284665|Efficientamento Energetico|Start||0,0000|280000,0000
Decreto Mutui BEI seconda annualità - Decreto Interministeriale n. 390 del 6 giugno 2017|Friuli-Venezia Giulia|Udine|Pavia di Udine|030074|MIUR|2017-10-02|||PAVIA DI UDINE|COMUNE|||||||Si|45.995711|13.303362|Adeguamento Sismico|Start||0,0000|380000,0000
Decreto Mutui BEI seconda annualità - Decreto Interministeriale n. 390 del 6 giugno 2017|Friuli-Venezia Giulia|Udine|Tavagnacco|030118|MIUR|2017-10-02|||TAVAGNACCO|COMUNE|||||||Si|46.125886|13.215134|Efficientamento Energetico|Start||0,0000|608850,0000
Decreto Mutui BEI seconda annualità - Decreto Interministeriale n. 390 del 6 giugno 2017|Friuli-Venezia Giulia|Gorizia|Gorizia|031007|MIUR|2017-10-02|||GORIZIA|PROVINCIA|||||||Si|45.936529|13.620481|Manutenzione Straordinaria|Start||0,0000|250000,0000
Decreto Mutui BEI seconda annualità - Decreto Interministeriale n. 390 del 6 giugno 2017|Friuli-Venezia Giulia|Gorizia|Gorizia|031007|MIUR|2017-10-02|||GORIZIA|PROVINCIA|||||||Si|45.944722|13.612241|Manutenzione Straordinaria|Start||0,0000|690000,0000
Decreto Mutui BEI seconda annualità - Decreto Interministeriale n. 390 del 6 giugno 2017|Friuli-Venezia Giulia|Udine|Paluzza|030071|MIUR|2017-10-02|||PALUZZA|COMUNE|||||||Si|46.531719|13.016509|Manutenzione Straordinaria|Start||0,0000|190000,0000
Decreto Mutui BEI seconda annualità - Decreto Interministeriale n. 390 del 6 giugno 2017|Friuli-Venezia Giulia|Pordenone|San Vito al Tagliamento|093041|MIUR|2017-10-02|||SAN VITO AL TAGLIAMENTO|COMUNE|||||||Si|45.917814|12.857542|Efficientamento Energetico|Start||0,0000|670639,9800
Decreto Mutui BEI seconda annualità - Decreto Interministeriale n. 390 del 6 giugno 2017|Lazio|Latina|Ponza|059018|MIUR|2017-10-02|||PONZA|COMUNE|0590180095|LTIC826001|LTEE826013|G.MARCONI (CAPOLUOGO)|||No|40.899723|12.958892|Non indicato|Start||0,0000|747703,4100
Decreto Mutui BEI seconda annualità - Decreto Interministeriale n. 390 del 6 giugno 2017|Lazio|Frosinone|Serrone|060071|MIUR|2017-10-02|||SERRONE|COMUNE|0600710385|FRIC806004|FREE806016|SERRONE LA FORMA|||No|41.835124|13.095606|Non indicato|Start||0,0000|762552,1200
Decreto Mutui BEI seconda annualità - Decreto Interministeriale n. 390 del 6 giugno 2017|Lazio|Frosinone|Fontechiari|060037|MIUR|2017-10-02|||FONTECHIARI|COMUNE|0600370309|FRIC81700E|FREE81706T|FONTECHIARI CAPOLUOGO|||No|41.669331|13.674581|Non indicato|Start||0,0000|511892,0600
Decreto Mutui BEI seconda annualità - Decreto Interministeriale n. 390 del 6 giugno 2017|Lazio|Roma|Montelibretti|058063|MIUR|2017-10-02|||MONTELIBRETTI|COMUNE|0580631420|RMIC8AW00A|RMMM8AW01B|C.PETROCCHI - MONTELIBRETTI -|||No|42.138014|12.734547|Non indicato|Start||0,0000|1060837,3600
Decreto Mutui BEI seconda annualità - Decreto Interministeriale n. 390 del 6 giugno 2017|Lazio|Roma|Gallicano nel Lazio|058040|MIUR|2017-10-02|||GALLICANO NEL LAZIO|COMUNE|0580400894|RMIC8AB006|RMAA8AB013|Infanzia - Suor Giovanna Romano|||No|41.86849|12.825984|Non indicato|Start||0,0000|1182548,9900
Decreto Mutui BEI seconda annualità - Decreto Interministeriale n. 390 del 6 giugno 2017|Lazio|Roma|Carpineto Romano|058020|MIUR|2017-10-02|||CARPINETO ROMANO|COMUNE|0580201182|RMIC80100Q|RMMM80101R|LEONE XIII CARPINETO ROMANO|||No|41.604655|13.083471|Non indicato|Start||0,0000|88986,1800
Decreto Mutui BEI seconda annualità - Decreto Interministeriale n. 390 del 6 giugno 2017|Lazio|Rieti|Poggio Moiano|057054|MIUR|2017-10-02|||POGGIO MOIANO|COMUNE|0570540061|RIIC81700P|RIEE81701R|SCUOLA ELEMENTARE "L. DA VINCI"|||No|42.203971|12.877859|Non indicato|Start||0,0000|184467,3500
Decreto Mutui BEI seconda annualità - Decreto Interministeriale n. 390 del 6 giugno 2017|Lazio|Frosinone|Pastena|060047|MIUR|2017-10-02|||PASTENA|COMUNE|0600470200|FRIC814003|FREE814059|PASTENA CAPOLUOGO|||No|41.468423|13.490430|Non indicato|Start||0,0000|246270,0000
Decreto Mutui BEI seconda annualità - Decreto Interministeriale n. 390 del 6 giugno 2017|Lazio|Frosinone|Broccostella|060015|MIUR|2017-10-02|||BROCCOSTELLA|COMUNE|0600150516|FRIC81700E|FRMM81701G|SCUOLA MEDIA BROCCOSTELLA|||No|41.702811|13.639045|Non indicato|Start||0,0000|277565,6800
Decreto Mutui BEI seconda annualità - Decreto Interministeriale n. 390 del 6 giugno 2017|Lazio|Frosinone|Arnara|060009|MIUR|2017-10-02|||ARNARA|COMUNE||FRIC842007|FRMM842029|Sec. I - Arnara|||Si|41.583552|13.388359|Non indicato|Start||0,0000|293072,8000
Decreto Mutui BEI seconda annualità - Decreto Interministeriale n. 390 del 6 giugno 2017|Lazio|Roma|Rignano Flaminio|058082|MIUR|2017-10-02|||RIGNANO FLAMINIO|COMUNE|0580823355|RMIC877001|RMAA87701T|Infanzia - Rignano Flaminio|||No|42.206764|12.482391|Non indicato|Start||0,0000|438979,8900
Decreto Mutui BEI seconda annualità - Decreto Interministeriale n. 390 del 6 giugno 2017|Lazio|Frosinone|Vico nel Lazio|060087|MIUR|2017-10-02|||VICO NEL LAZIO|COMUNE|0600870488|FRIC80400C|FRMM80401D|S.M. VICO NEL LAZIO|||No|41.777220|13.339971|Non indicato|Start||0,0000|513611,6100
Decreto Mutui BEI seconda annualità - Decreto Interministeriale n. 390 del 6 giugno 2017|Lazio|Latina|Fondi|059007|MIUR|2017-10-02|||FONDI|COMUNE|0590070324|LTIC85200D|LTEE85201G|DOMENICO PURIFICATO|||No|41.362627|13.419818|Non indicato|Start||0,0000|522480,0000
Decreto Mutui BEI seconda annualità - Decreto Interministeriale n. 390 del 6 giugno 2017|Lazio|Latina|Maenza|059013|MIUR|2017-10-02|||MAENZA|COMUNE|0590130344|LTIC80800B|LTMM80802D|LEONE XIII|||No|41.522080|13.184298|Non indicato|Start||0,0000|575425,4300
Decreto Mutui BEI seconda annualità - Decreto Interministeriale n. 390 del 6 giugno 2017|Lazio|Roma|Roma|058091|MIUR|2017-10-02|||ROMA|CITTAMETROPOLITANA|0580911327|RMIS063007|RMPC06301E|LUCIO ANNEO SENECA|||No|41.904543|12.433693|Non indicato|Start||0,0000|600000,0000
Decreto Mutui BEI seconda annualità - Decreto Interministeriale n. 390 del 6 giugno 2017|Lazio|Latina|Sonnino|059029|MIUR|2017-10-02|||SONNINO|COMUNE|0590290660|LTIC80100L|LTEE80104T|MADONNELLE|||No|41.398211|13.200605|Non indicato|Start||0,0000|630783,1200
Decreto Mutui BEI seconda annualità - Decreto Interministeriale n. 390 del 6 giugno 2017|Lazio|Rieti|Cantalupo in Sabina|057010|MIUR|2017-10-02|||CANTALUPO IN SABINA|COMUNE|0570100125|RIIC80900Q|RIEE809041|CASSIO SGRIGNANI|||No|42.306165|12.648527|Non indicato|Start||0,0000|637083,4600
Decreto Mutui BEI seconda annualità - Decreto Interministeriale n. 390 del 6 giugno 2017|Lazio|Roma|Monte Porzio Catone|058064|MIUR|2017-10-02|||MONTE PORZIO CATONE|COMUNE|||||||Si|41.816496|12.716132|Non indicato|Start||0,0000|654626,8400
Decreto Mutui BEI seconda annualità - Decreto Interministeriale n. 390 del 6 giugno 2017|Lazio|Roma|Velletri|058111|MIUR|2017-10-02|||VELLETRI|CITTAMETROPOLITANA|0581111567|RMIS05200R|RMTD052013|IST. TECNICO ECON. AMM. FIN. MARKETING|||No|41.687334|12.775171|Non indicato|Start||0,0000|680000,0000
Decreto Mutui BEI seconda annualità - Decreto Interministeriale n. 390 del 6 giugno 2017|Lazio|Roma|Roma|058091|MIUR|2017-10-02|||ROMA|CITTAMETROPOLITANA|||||||Si|41.901984|12.500308|Non indicato|Start||0,0000|700000,0000
Decreto Mutui BEI seconda annualità - Decreto Interministeriale n. 390 del 6 giugno 2017|Lazio|Viterbo|Tarquinia|056050|MIUR|2017-10-02|||TARQUINIA|COMUNE|||||||Si|42.251766|11.757652|Non indicato|Start||0,0000|800000,0000
Decreto Mutui BEI seconda annualità - Decreto Interministeriale n. 390 del 6 giugno 2017|Lazio|Viterbo|Ronciglione|056045|MIUR|2017-10-02|||RONCIGLIONE|COMUNE|0560450743|VTIC81000L|VTEE81001P|MARIANGELA VIRGILI|||No|42.286747|12.213373|Non indicato|Start||0,0000|858356,1800
Decreto Mutui BEI seconda annualità - Decreto Interministeriale n. 390 del 6 giugno 2017|Lazio|Rieti|Montopoli di Sabina|057044|MIUR|2017-10-02|||MONTOPOLI DI SABINA|COMUNE|||||||Si|42.243726|12.694008|Non indicato|Start||0,0000|889311,9700
Decreto Mutui BEI seconda annualità - Decreto Interministeriale n. 390 del 6 giugno 2017|Lazio|Rieti|Poggio Mirteto|057053|MIUR|2017-10-02|||POGGIO MIRTETO|COMUNE|0570530057|RIIC82500N|RIEE82503T|SCUOLA PRIMARIA "VOLPICELLI"|||No|42.265152|12.687345|Non indicato|Start||0,0000|1044000,0000
Decreto Mutui BEI seconda annualità - Decreto Interministeriale n. 390 del 6 giugno 2017|Lazio|Latina|Monte San Biagio|059015|MIUR|2017-10-02|||MONTE SAN BIAGIO|COMUNE|0590150335|LTIC81900T|LTMM81901V|GIOVANNI XXIII|||No|41.347556|13.346574|Non indicato|Start||0,0000|1157972,7900
Decreto Mutui BEI seconda annualità - Decreto Interministeriale n. 390 del 6 giugno 2017|Lazio|Rieti|Leonessa|057033|MIUR|2017-10-02|||LEONESSA|COMUNE|||||||Si|42.566001|12.962221|Non indicato|Start||0,0000|1196337,8100
Decreto Mutui BEI seconda annualità - Decreto Interministeriale n. 390 del 6 giugno 2017|Lazio|Roma|Fonte Nuova|058122|MIUR|2017-10-02|||FONTE NUOVA|COMUNE|||||||Si|41.999549|12.628619|Non indicato|Start||0,0000|1200000,0000
Decreto Mutui BEI seconda annualità - Decreto Interministeriale n. 390 del 6 giugno 2017|Lazio|Viterbo|Castel Sant`Elia|056017|MIUR|2017-10-02|||CASTEL S. ELIA|COMUNE|0560170182|VTIC81400X|VTMM814022|SC.SECONDARIA I CASTEL S. ELIA|||No|42.249266|12.368112|Non indicato|Start||0,0000|220000,0000
Decreto Mutui BEI seconda annualità - Decreto Interministeriale n. 390 del 6 giugno 2017|Lazio|Frosinone|Fontana Liri|060036|MIUR|2017-10-02|||FONTANA LIRI|COMUNE|0600360479|FRIC82900R|FRMM82902V|SEZ. STACCATA FONTANA LIRI|||No|41.607082|13.552532|Non indicato|Start||0,0000|298134,5500
Decreto Mutui BEI seconda annualità - Decreto Interministeriale n. 390 del 6 giugno 2017|Lazio|Rieti|Stimigliano|057066|MIUR|2017-10-02|||STIMIGLIANO|COMUNE|0570660042|RIIC80800X|RIEE808045|C. COLLODI|||No|42.300515|12.564612|Non indicato|Start||0,0000|481443,8400
Decreto Mutui BEI seconda annualità - Decreto Interministeriale n. 390 del 6 giugno 2017|Lombardia|Brescia|Sirmione|017179|MIUR|2017-10-02|||SIRMIONE|COMUNE|||||||Si|45.497833|10.604027|Non indicato|Start||0,0000|5000000,0000
Decreto Mutui BEI seconda annualità - Decreto Interministeriale n. 390 del 6 giugno 2017|Lombardia|Brescia|Capriano del Colle|017037|MIUR|2017-10-02|||CAPRIANO DEL COLLE|COMUNE|0170371022|BSIC89000R|BSEE89002X|CAPRIANO DEL COLLE CAP.|||No|45.453619|10.132474|Non indicato|Start||0,0000|385000,0000
Decreto Mutui BEI seconda annualità - Decreto Interministeriale n. 390 del 6 giugno 2017|Lombardia|Brescia|Montichiari|017113|MIUR|2017-10-02|||MONTICHIARI|COMUNE|0171130095|BSIC8AN003|BSEE8AN026|MONTICHIARI FRAZ. "S.ANTONIO"|||No|45.400083|10.357247|Non indicato|Start||0,0000|1530000,0000
Decreto Mutui BEI seconda annualità - Decreto Interministeriale n. 390 del 6 giugno 2017|Lombardia|Bergamo|Martinengo|016133|MIUR|2017-10-02|||MARTINENGO|COMUNE|0161330286|BGIC859008|BGEE85902B|SCUOLA PRIMARIA CAP|||No|45.569154|9.772553|Non indicato|Start||0,0000|716000,0000
Decreto Mutui BEI seconda annualità - Decreto Interministeriale n. 390 del 6 giugno 2017|Lombardia|Bergamo|Cerete|016071|MIUR|2017-10-02|||CERETE|COMUNE|0160710335|BGIC868003|BGEE868048|CERETE - PRIMARIA|||No|45.861611|9.992194|Non indicato|Start||0,0000|1650932,5900
Decreto Mutui BEI seconda annualità - Decreto Interministeriale n. 390 del 6 giugno 2017|Lombardia|Mantova|Canneto sull`Oglio|020008|MIUR|2017-10-02|||CANNETO SULL`OGLIO|COMUNE|0200080259|MNIC80100Q|MNEE80102V|CANNETO SULL` OGLIO|||No|45.153865|10.382381|Non indicato|Start||0,0000|1776000,0000
Decreto Mutui BEI seconda annualità - Decreto Interministeriale n. 390 del 6 giugno 2017|Lombardia|Milano|Motta Visconti|015151|MIUR|2017-10-02|||MOTTA VISCONTI|COMUNE||MIIC872009|MIEE87201B|Primaria - Ada Negri|||No|45.293486|8.995871|Non indicato|Start||0,0000|4000000,0000
Decreto Mutui BEI seconda annualità - Decreto Interministeriale n. 390 del 6 giugno 2017|Lombardia|Monza e della Brianza|Seveso|108040|MIUR|2017-10-02|||SEVESO|COMUNE|1080400608|MIIC86300E|MIEE86301L|C. COLLODI|||No|45.645923|9.143261|Non indicato|Start||0,0000|2000000,0000
Decreto Mutui BEI seconda annualità - Decreto Interministeriale n. 390 del 6 giugno 2017|Lombardia|Monza e della Brianza|Seveso|108040|MIUR|2017-10-02|||SEVESO|COMUNE|1080400609|MIIC86100V|MIEE861011|"B.MUNARI" - SEVESO|||No|45.644074|9.129706|Non indicato|Start||0,0000|1280000,0000
Decreto Mutui BEI seconda annualità - Decreto Interministeriale n. 390 del 6 giugno 2017|Lombardia|Bergamo|Castione della Presolana|016064|MIUR|2017-10-02|||CASTIONE DELLA PRESOLANA|COMUNE|0160640580|BGIC868003|BGMM868025|S.M.S. CASTIONE DELLA PRESOLANA|||No|45.910107|10.036673|Non indicato|Start||0,0000|1380000,0000
Decreto Mutui BEI seconda annualità - Decreto Interministeriale n. 390 del 6 giugno 2017|Lombardia|Sondrio|Mantello|014039|MIUR|2017-10-02|||MANTELLO|COMUNE|0140390001|SOIC81200L|SOEE81203R|MANTELLO|||No|46.152062|9.487506|Non indicato|Start||0,0000|240000,0000
Decreto Mutui BEI seconda annualità - Decreto Interministeriale n. 390 del 6 giugno 2017|Lombardia|Brescia|Palazzolo sull`Oglio|017133|MIUR|2017-10-02|||PALAZZOLO SULL`OGLIO|COMUNE|0171330582|BSIC8AM007|BSMM8AM018|SEC. DI I GRADO "E. FERMI"|||No|45.597596|9.887385|Non indicato|Start||0,0000|950000,0000
Decreto Mutui BEI seconda annualità - Decreto Interministeriale n. 390 del 6 giugno 2017|Lombardia|Cremona|Dovera|019041|MIUR|2017-12-04|||DOVERA|COMUNE|0190410253|CRIC817004|CRMM817026|Sec. I - Guglielmo Marconi|||No|45.363358|9.543411|Non indicato|Start||3500000,0000|2800000,0000
Decreto Mutui BEI seconda annualità - Decreto Interministeriale n. 390 del 6 giugno 2017|Lombardia|Como|Olgiate Comasco|013165|MIUR|2017-10-02|||OLGIATE COMASCO|COMUNE|0131650503|COIC80700A|COMM80701B|SCUOLA SEC. I GRADO  BUONARROTI|||No|45.785148|8.968156|Non indicato|Start||0,0000|802286,1500
Decreto Mutui BEI seconda annualità - Decreto Interministeriale n. 390 del 6 giugno 2017|Lombardia|Mantova|Casalmoro|020010|MIUR|2017-10-02|||CASALMORO|COMUNE|0200100132|MNIC80000X|MNEE800012|CASALMORO|||No|45.260309|10.411127|Non indicato|Start||0,0000|277480,5600
Decreto Mutui BEI seconda annualità - Decreto Interministeriale n. 390 del 6 giugno 2017|Lombardia|Bergamo|Mapello|016132|MIUR|2017-10-02|||MAPELLO|COMUNE|||||||Si|45.708984|9.547427|Non indicato|Start||0,0000|2179988,9800
Decreto Mutui BEI seconda annualità - Decreto Interministeriale n. 390 del 6 giugno 2017|Lombardia|Mantova|Mantova|020030|MIUR|2017-10-02|||MANTOVA|PROVINCIA||MNST01000A|MNST01000A||||No|45.154579|10.783659|Non indicato|Start||0,0000|400000,0000
Decreto Mutui BEI seconda annualità - Decreto Interministeriale n. 390 del 6 giugno 2017|Lombardia|Bergamo|Bergamo|016024|MIUR|2017-10-02|||BERGAMO|PROVINCIA|0160240682|BGIS03200C|BGTF032011|ITI - Giulio Natta|||No|45.688512|9.683488|Non indicato|Start||0,0000|175000,0000
Decreto Mutui BEI seconda annualità - Decreto Interministeriale n. 390 del 6 giugno 2017|Lombardia|Cremona|Cremona|019036|MIUR|2017-10-02|||CREMONA|PROVINCIA|0190360266|CRIS00200E|CRTA00201A|ITA - Stanga|||No|45.143622|9.989659|Non indicato|Start||0,0000|400000,0000
Decreto Mutui BEI seconda annualità - Decreto Interministeriale n. 390 del 6 giugno 2017|Lombardia|Cremona|Cremona|019036|MIUR|2017-10-02|||CREMONA|PROVINCIA|||||||Si|45.135583|10.023279|Non indicato|Start||0,0000|1700000,0000
Decreto Mutui BEI seconda annualità - Decreto Interministeriale n. 390 del 6 giugno 2017|Lombardia|Milano|Milano|015146|MIUR|2017-10-02|||MILANO|CITTAMETROPOLITANA|0151461630|MITF070009|MITF070009|ITI - Feltrinelli|||No|45.448422|9.183348|Non indicato|Start||0,0000|1200000,0000
Decreto Mutui BEI seconda annualità - Decreto Interministeriale n. 390 del 6 giugno 2017|Lombardia|Mantova|Castiglione delle Stiviere|020017|MIUR|2017-10-02|||CASTIGLIONE DELLE STIVIERE|PROVINCIA|0200170320|MNIS00300G|MNTD00301T|ITC CASTIGLIONE STIV.|||No|45.397594|10.480549|Non indicato|Start||0,0000|550000,0000
Decreto Mutui BEI seconda annualità - Decreto Interministeriale n. 390 del 6 giugno 2017|Lombardia|Mantova|Mantova|020030|MIUR|2017-10-02|||MANTOVA|PROVINCIA|||||||Si|45.156350|10.791549|Non indicato|Start||0,0000|300000,0000
Decreto Mutui BEI seconda annualità - Decreto Interministeriale n. 390 del 6 giugno 2017|Lombardia|Cremona|Crema|019035|MIUR|2017-10-02|||CREMA|PROVINCIA|0190350285|CRIS009009|CRTF00901T|ITI - Galileo Galilei|||No|45.355340|9.683164|Non indicato|Start||0,0000|250000,0000
Decreto Mutui BEI seconda annualità - Decreto Interministeriale n. 390 del 6 giugno 2017|Lombardia|Como|Mariano Comense|013143|MIUR|2017-10-02|||MARIANO COMENSE|PROVINCIA|0131430567|COIS00200B|COTD00201N|I.T.C.S. JEAN MONNET|||No|45.687129|9.179802|Non indicato|Start||0,0000|250000,0000
Decreto Mutui BEI seconda annualità - Decreto Interministeriale n. 390 del 6 giugno 2017|Lombardia|Como|Como|013075|MIUR|2017-10-02|||COMO|PROVINCIA|0130750551|COTD01000G|COTD01000G|CAIO PLINIO SECONDO|||No|45.803311|9.087786|Non indicato|Start||0,0000|250000,0000
Decreto Mutui BEI seconda annualità - Decreto Interministeriale n. 390 del 6 giugno 2017|Lombardia|Monza e della Brianza|Vimercate|108050|MIUR|2017-10-02|||VIMERCATE|PROVINCIA|||||||Si|45.615799|9.385185|Non indicato|Start||0,0000|3514229,4200
Decreto Mutui BEI seconda annualità - Decreto Interministeriale n. 390 del 6 giugno 2017|Marche|Ascoli Piceno|Acquaviva Picena|044002|MIUR|2017-10-02|||Acquaviva Picena|COMUNE|0440020208|APIC80800A|APMM80801B|ACQUAVIVA P."DE CAROLIS"(I.S.C)|||No|42.944749|13.817411|Non indicato|Start||0,0000|932153,3000
Decreto Mutui BEI seconda annualità - Decreto Interministeriale n. 390 del 6 giugno 2017|Marche|Macerata|Apiro|043002|MIUR|2017-10-02|||Apiro|COMUNE|0430020846|MCIC805002|MCAA80501V|FRANCESCO SCOCCIANTI|||No|43.388942|13.127123|Non indicato|Start||0,0000|1000000,0000
Decreto Mutui BEI seconda annualità - Decreto Interministeriale n. 390 del 6 giugno 2017|Marche|Pesaro e Urbino|Cantiano|041008|MIUR|2017-10-02|||Cantiano|COMUNE|0410080147|PSIC83500A|PSEE83503E|CAGLI - CANTIANO|||No|43.472519|12.630498|Non indicato|Start||0,0000|190254,4900
Decreto Mutui BEI seconda annualità - Decreto Interministeriale n. 390 del 6 giugno 2017|Marche|Macerata|Cingoli|043012|MIUR|2017-10-02|||Cingoli|COMUNE|0430120486|MCIC811009|MCEE81101B|PAOLO BORSELLINO|||No|43.343888|13.270833|Non indicato|Start||0,0000|295000,0000
Decreto Mutui BEI seconda annualità - Decreto Interministeriale n. 390 del 6 giugno 2017|Marche|Pesaro e Urbino|Lunano|041022|MIUR|2017-10-02|||Lunano|COMUNE|0410220028|PSIC815005|PSAA815034|INFANZIA LUNANO|||No|43.732984|12.444093|Non indicato|Start||0,0000|540000,0000
Decreto Mutui BEI seconda annualità - Decreto Interministeriale n. 390 del 6 giugno 2017|Marche|Fermo|Montefalcone Appennino|109014|MIUR|2017-10-02|||Montefalcone appennino|COMUNE|1090140020|APIC81300T|APMM81301V|MONTEFALCONE APPENNINO|||No|42.989773|13.456761|Non indicato|Start||0,0000|580000,0000
Decreto Mutui BEI seconda annualità - Decreto Interministeriale n. 390 del 6 giugno 2017|Marche|Pesaro e Urbino|Peglio|041041|MIUR|2017-10-02|||Peglio|COMUNE|0410410107|PSIC82600G|PSEE82602P|URBANIA - PEGLIO|||No|43.696351|12.497203|Non indicato|Start||0,0000|770000,0000
Decreto Mutui BEI seconda annualità - Decreto Interministeriale n. 390 del 6 giugno 2017|Marche|Fermo|Ponzano di Fermo|109032|MIUR|2017-10-02|||Ponzano di Fermo|COMUNE|1090320080|APIC82700Q|APEE827052|PONZANO DI FERMO EE|||No|43.104506|13.660916|Non indicato|Start||0,0000|150000,0000
Decreto Mutui BEI seconda annualità - Decreto Interministeriale n. 390 del 6 giugno 2017|Marche|Fermo|Porto San Giorgio|109033|MIUR|2017-10-02|||Porto San Giorgio|COMUNE|||||||Si|43.184395|13.795430|Non indicato|Start||0,0000|965100,0000
Decreto Mutui BEI seconda annualità - Decreto Interministeriale n. 390 del 6 giugno 2017|Marche|Pesaro e Urbino|Terre Roveresche|041070|MIUR|2017-10-02|||TERRE ROVERESCHE|COMUNE|0410700119|PSIC831003|PSMM831025|S.GIORGIO DI PESARO|||No|43.717208|12.977053|Non indicato|Start||0,0000|855280,0000
Decreto Mutui BEI seconda annualità - Decreto Interministeriale n. 390 del 6 giugno 2017|Marche|Fermo|Montegranaro|109018|MIUR|2017-10-02|||Montegranaro|COMUNE|1090180053|APIC824008|APEE82403C|PRIMARIA SANTA MARIA|||No|43.227759|13.619016|Non indicato|Start||0,0000|580000,0000
Decreto Mutui BEI seconda annualità - Decreto Interministeriale n. 390 del 6 giugno 2017|Marche|Fermo|Francavilla d`Ete|109007|MIUR|2017-10-02|||Francavilla d`Ete|COMUNE|1090070534|APIC82600X|APAA82604X|FRANCAVILLA D`ETE|||No|43.190556|13.541667|Non indicato|Start||0,0000|215000,0000
Decreto Mutui BEI seconda annualità - Decreto Interministeriale n. 390 del 6 giugno 2017|Molise|Campobasso|Lupara|070034|MIUR|2017-10-02|||LUPARA|COMUNE|0700340001|CBIC807002|CBEE807047|LUPARA CAP.|||No|41.761964|14.733263|Non indicato|Start||0,0000|112000,0000
Decreto Mutui BEI seconda annualità - Decreto Interministeriale n. 390 del 6 giugno 2017|Molise|Campobasso|Termoli|070078|MIUR|2017-10-02|||TERMOLI|PROVINCIA|0700780251|CBIS023004|CBTF02301L|ITI - Ettore Majorana  |||No|41.995494|14.972954|Non indicato|Start||0,0000|520000,0000
Decreto Mutui BEI seconda annualità - Decreto Interministeriale n. 390 del 6 giugno 2017|Molise|Campobasso|Campobasso|070006|MIUR|2017-10-02|||PROVINCIA DI CAMPOBASSO|PROVINCIA|0700060244|CBIS02100C|CBTD02101P|ITC - Leopoldo Pilla   |||No|41.558869|14.662154|Non indicato|Start||0,0000|880000,0000
Decreto Mutui BEI seconda annualità - Decreto Interministeriale n. 390 del 6 giugno 2017|Molise|Campobasso|Termoli|070078|MIUR|2017-10-02|||TERMOLI|PROVINCIA|0700780241|CBIS01800L|CBTD01801V|ITCG - Giovanni  Boccardi |||No|41.998167|14.990618|Non indicato|Start||0,0000|122854,8500
Decreto Mutui BEI seconda annualità - Decreto Interministeriale n. 390 del 6 giugno 2017|Piemonte|Alessandria|Cartosio|006036|MIUR|2017-10-02|||CARTOSIO|COMUNE|0060360001|ALIC810005|ALEE81005B|"L. DA VINCI" - CARTOSIO|||No|44.591181|8.418595|Ristrutturazione|Start||0,0000|178374,4400
Decreto Mutui BEI seconda annualità - Decreto Interministeriale n. 390 del 6 giugno 2017|Piemonte|Novara|Maggiora|003088|MIUR|2017-10-02|||MAGGIORA|COMUNE|0030880001|NOEE01500Q|NOAA01507T|MAGGIORA|||Si|45.690595|8.421055|Ristrutturazione|Start||0,0000|470000,0000
Decreto Mutui BEI seconda annualità - Decreto Interministeriale n. 390 del 6 giugno 2017|Piemonte|Alessandria|Francavilla Bisio|006070|MIUR|2017-10-02|||FRANCAVILLA BISIO|COMUNE|0060700001|ALIC80600D|ALEE80608V|SC. PRIMARIA  FRANCAVILLA BISIO|||Si|44.735697|8.731408|Manutenzione Straordinaria|Start||0,0000|35776,6400
Decreto Mutui BEI seconda annualità - Decreto Interministeriale n. 390 del 6 giugno 2017|Piemonte|Alessandria|Carbonara Scrivia|006030|MIUR|2017-10-02|||CARBONARA SCRIVIA|COMUNE|0060300002|ALIC83400N|ALAA83403L|MANONELLAMANO|||No|44.849299|8.866685|Ampliamento|Start||0,0000|300000,0000
Decreto Mutui BEI seconda annualità - Decreto Interministeriale n. 390 del 6 giugno 2017|Piemonte|Asti|Castell`Alfero|005025|MIUR|2017-10-02|||CASTELL`ALFERO|COMUNE|||||||Si|44.982595|8.209082|Efficientamento Energetico|Start||0,0000|724400,0000
Decreto Mutui BEI seconda annualità - Decreto Interministeriale n. 390 del 6 giugno 2017|Piemonte|Alessandria|Carrosio|006035|MIUR|2017-10-02|||CARROSIO|COMUNE|0060350002|ALIC80600D|ALEE80607T|CARROSIO - DR.  FELICE COSTA|||No|44.684807|8.811348|Efficientamento Energetico|Start||0,0000|203133,9200
Decreto Mutui BEI seconda annualità - Decreto Interministeriale n. 390 del 6 giugno 2017|Piemonte|Cuneo|Camerana|004035|MIUR|2017-10-02|||CAMERANA|COMUNE|0040350002|CNIC81600C|CNEE81606Q|CAMERANA - FRAZ. CONTRADA|||Si|44.444738|8.148300|Manutenzione Straordinaria|Start||0,0000|202017,6700
Decreto Mutui BEI seconda annualità - Decreto Interministeriale n. 390 del 6 giugno 2017|Piemonte|Asti|Antignano|005003|MIUR|2017-10-02|||ANTIGNANO|COMUNE|0050030001|ATIC811002|ATAA81101V|SCUOLA MATERNA STAT. ANTIGNANO|||Si|44.837179|8.117129|Efficientamento Energetico|Start||0,0000|252559,3800
Decreto Mutui BEI seconda annualità - Decreto Interministeriale n. 390 del 6 giugno 2017|Piemonte|Cuneo|Clavesana|004071|MIUR|2017-10-02|||CLAVESANA|COMUNE|0040710002|CNIC80600T|CNAA80602Q|CLAVESANA|||No|44.479690|7.901781|Ristrutturazione|Start||0,0000|395000,0000
Decreto Mutui BEI seconda annualità - Decreto Interministeriale n. 390 del 6 giugno 2017|Piemonte|Alessandria|Pasturana|006127|MIUR|2017-10-02|||PASTURANA|COMUNE|0061270002|ALIC83000A|ALEE83003E|PASTURANA "L. DA VINCI"|||No|44.751422|8.750873|Efficientamento Energetico|Start||0,0000|271000,0000
Decreto Mutui BEI seconda annualità - Decreto Interministeriale n. 390 del 6 giugno 2017|Piemonte|Torino|Ceres|001072|MIUR|2017-10-02|||CERES|COMUNE|0010720002|TOIC80900T|TOEE80901X|I.C. CERES-CAP.|||Si|45.312946|7.389288|Adeguamento Normativo|Start||0,0000|791108,8000
Decreto Mutui BEI seconda annualità - Decreto Interministeriale n. 390 del 6 giugno 2017|Piemonte|Cuneo|Cherasco|004067|MIUR|2017-10-02|||CHERASCO|COMUNE|||||||Si|44.649021|7.858488|Nuova Costruzione|Start||0,0000|800000,0000
Decreto Mutui BEI seconda annualità - Decreto Interministeriale n. 390 del 6 giugno 2017|Piemonte|Cuneo|San Damiano Macra|004207|MIUR|2017-10-02|||SAN DAMIANO MACRA|COMUNE|0042070001|CNIC82800P|CNEE828062|SAN DAMIANO MACRA - CAPOL.|||Si|44.488232|7.257166|Efficientamento Energetico|Start||0,0000|80000,0000
Decreto Mutui BEI seconda annualità - Decreto Interministeriale n. 390 del 6 giugno 2017|Piemonte|Asti|Villafranca d`Asti|005117|MIUR|2017-10-02|||VILLAFRANCA D`ASTI|COMUNE|0051170001|ATIC810006|ATMM810017|SCUOLA MEDIA STATALE "GORIA"|||Si|44.914189|8.030756|Ristrutturazione|Start||0,0000|550000,0000
Decreto Mutui BEI seconda annualità - Decreto Interministeriale n. 390 del 6 giugno 2017|Piemonte|Alessandria|Castelletto d`Orba|006049|MIUR|2017-10-02|||CASTELLETTO D`ORBA|COMUNE|0060490002|ALIC808005|ALAA808045|CASTELLETTO D`ORBA|||Si|44.688430|8.677155|Miglioramento Sismico|Start||0,0000|290000,0000
Decreto Mutui BEI seconda annualità - Decreto Interministeriale n. 390 del 6 giugno 2017|Piemonte|Verbano-Cusio-Ossola|Domodossola|103028|MIUR|2017-10-02|||DOMODOSSOLA|COMUNE|1030280004|VBEE00300D|VBEE00301E|SCUOLA ELEMENTARE "KENNEDY"|||No|46.124267|8.290542|Efficientamento Energetico|Start||0,0000|799997,1000
Decreto Mutui BEI seconda annualità - Decreto Interministeriale n. 390 del 6 giugno 2017|Piemonte|Biella|Graglia|096028|MIUR|2017-10-02|||GRAGLIA|COMUNE|0960280003|BIIC808004|BIMM808015|SM GRAGLIA|||Si|45.557544|7.976227|Ristrutturazione|Start||0,0000|523560,0000
Decreto Mutui BEI seconda annualità - Decreto Interministeriale n. 390 del 6 giugno 2017|Piemonte|Torino|Giaveno|001115|MIUR|2017-10-02|||GIAVENO|COMUNE|0011150001|TOIC87000N|TOAA87001E|IC GIAVENO GONIN V.GENOLINO 77|||No|45.039839|7.339940|Efficientamento Energetico|Start||0,0000|305573,3600
Decreto Mutui BEI seconda annualità - Decreto Interministeriale n. 390 del 6 giugno 2017|Piemonte|Alessandria|Acqui Terme|006001|MIUR|2017-10-02|||ACQUI TERME|COMUNE|0060010004|ALIC837005|ALEE83704A|"S. DEFENDENTE"- ACQUI TERME|||No|44.679072|8.461251|Ristrutturazione|Start||0,0000|800000,0000
Decreto Mutui BEI seconda annualità - Decreto Interministeriale n. 390 del 6 giugno 2017|Piemonte|Novara|Sizzano|003139|MIUR|2017-10-02|||SIZZANO|COMUNE|0031390002|NOIC812006|NOEE812029|LUIGI PEDRANA|||No|45.578781|8.439146|Ristrutturazione|Start||0,0000|480000,0000
Decreto Mutui BEI seconda annualità - Decreto Interministeriale n. 390 del 6 giugno 2017|Piemonte|Cuneo|Villafalletto|004244|MIUR|2017-10-02|||VILLAFALLETTO|COMUNE|0042440001|CNIC84300R|CNMM84302V|CENTALLO SS VILLAFALLETTO|||No|44.547859|7.541926|Efficientamento Energetico|Start||0,0000|415114,9100
Decreto Mutui BEI seconda annualità - Decreto Interministeriale n. 390 del 6 giugno 2017|Piemonte|Asti|Isola d`Asti|005059|MIUR|2017-10-02|||ISOLA D`ASTI|COMUNE|0050590001|ATIC81200T|ATEE812021|ISOLA D`ASTI CAP.|||No|44.830155|8.176252|Manutenzione Straordinaria|Start||0,0000|439000,0000
Decreto Mutui BEI seconda annualità - Decreto Interministeriale n. 390 del 6 giugno 2017|Piemonte|Cuneo|Diano d`Alba|004080|MIUR|2017-10-02|||DIANO D`ALBA|COMUNE|0040800006|CNIC84900Q|CNAA84902N|DIANO D`ALBA-FR.VALLE TALLORIA|||Si|44.639045|8.004591|Ristrutturazione|Start||0,0000|713983,7400
Decreto Mutui BEI seconda annualità - Decreto Interministeriale n. 390 del 6 giugno 2017|Piemonte|Cuneo|Rossana|004197|MIUR|2017-10-02|||ROSSANA|COMUNE|0041970001|CNIC826003|CNEE826048|ROSSANA - CAPOLUOGO|||Si|44.543005|7.432929|Efficientamento Energetico|Start||0,0000|255000,0000
Decreto Mutui BEI seconda annualità - Decreto Interministeriale n. 390 del 6 giugno 2017|Piemonte|Alessandria|Arquata Scrivia|006009|MIUR|2017-10-02|||ARQUATA SCRIVIA|COMUNE|0060090001|ALIC81300L|ALMM81301N|ARQUATA SCRIVIA - L.DA VINCI|||No|44.686158|8.885988|Manutenzione Straordinaria|Start||0,0000|781717,2900
Decreto Mutui BEI seconda annualità - Decreto Interministeriale n. 390 del 6 giugno 2017|Piemonte|Cuneo|Vicoforte|004242|MIUR|2017-10-02|||VICOFORTE|COMUNE|0042420002|CNIC811009|CNEE81106L|G. COMINO - VICOFORTE|||Si|44.373642|7.873373|Efficientamento Energetico|Start||0,0000|359966,6400
Decreto Mutui BEI seconda annualità - Decreto Interministeriale n. 390 del 6 giugno 2017|Piemonte|Alessandria|Cassine|006043|MIUR|2017-10-02|||CASSINE|COMUNE|0060430003|ALIC809001|ALEE809024|D.ALIGHIERI - CASSINE|||Si|44.748446|8.525759|Ristrutturazione|Start||0,0000|421000,0000
Decreto Mutui BEI seconda annualità - Decreto Interministeriale n. 390 del 6 giugno 2017|Piemonte|Verbano-Cusio-Ossola|Domodossola|103028|MIUR|2017-10-02|||DOMODOSSOLA|COMUNE|1030280005|VBMM01700A|VBMM01700A|SMS DI DOMODOSSOLA|||No|46.124008|8.291188|Messa in sicurezza|Start||0,0000|799621,5900
Decreto Mutui BEI seconda annualità - Decreto Interministeriale n. 390 del 6 giugno 2017|Piemonte|Biella|Biella|096004|MIUR|2017-10-02|||BIELLA|COMUNE|0960040011|BIIC815007|BIEE815019|BIELLA-"CRIDIS"|||No|45.559947|8.046772|Messa in sicurezza|Start||0,0000|598200,0000
Decreto Mutui BEI seconda annualità - Decreto Interministeriale n. 390 del 6 giugno 2017|Piemonte|Torino|Bibiana|001025|MIUR|2017-10-02|||BIBIANA|COMUNE|0010250004|TOIC84200D|TOMM84202G|I.C. BRICHERASIO - BIBIANA|||No|44.796646|7.289425|Efficientamento Energetico|Start||0,0000|417000,0000
Decreto Mutui BEI seconda annualità - Decreto Interministeriale n. 390 del 6 giugno 2017|Piemonte|Torino|Mezzenile|001152|MIUR|2017-10-02|||MEZZENILE|COMUNE|0011520001|TOIC80900T|TOEE809043|I.C.CERES-MEZZENILE|||No|45.293921|7.393740|Ampliamento|Start||0,0000|500000,0000
Decreto Mutui BEI seconda annualità - Decreto Interministeriale n. 390 del 6 giugno 2017|Piemonte|Verbano-Cusio-Ossola|Montecrestese|103046|MIUR|2017-10-02|||MONTECRESTESE|COMUNE|1030460003|VBIC80800E|VBAA80803D|SCUOLA INFANZIA MONTECRESTESE|||No|46.151489|8.323601|Efficientamento Energetico|Start||0,0000|420000,0000
Decreto Mutui BEI seconda annualità - Decreto Interministeriale n. 390 del 6 giugno 2017|Piemonte|Cuneo|Villanova Solaro|004246|MIUR|2017-10-02|||VILLANOVA SOLARO|COMUNE|0042460002|CNIC83100E|CNEE83103P|VILLANOVA SOLARO - CAPOLUOGO|||No|44.729537|7.576749|Efficientamento Energetico|Start||0,0000|347392,2000
Decreto Mutui BEI seconda annualità - Decreto Interministeriale n. 390 del 6 giugno 2017|Piemonte|Vercelli|Lenta|002068|MIUR|2017-10-02|||LENTA|COMUNE|0020680001|VCIC802006|VCEE80204B|SCUOLA PRIMARIA LENTA|||No|45.558529|8.384564|Efficientamento Energetico|Start||0,0000|256788,9000
Decreto Mutui BEI seconda annualità - Decreto Interministeriale n. 390 del 6 giugno 2017|Piemonte|Novara|Gattico|003071|MIUR|2017-10-02|||GATTICO|COMUNE|0030710004|NOIC820005|NOMM820016|S.S.P.G.   E. MONTALE  GATTICO|||No|45.711697|8.517173|Efficientamento Energetico|Start||0,0000|492900,4800
Decreto Mutui BEI seconda annualità - Decreto Interministeriale n. 390 del 6 giugno 2017|Piemonte|Cuneo|Cuneo|004078|MIUR|2017-10-02|||CUNEO|PROVINCIA|0040780011|CNTF010005|CNTF010005|CUNEO  MARIO DELPOZZO |||No|44.378571|7.527023|Efficientamento Energetico|Start||0,0000|700000,0000
Decreto Mutui BEI seconda annualità - Decreto Interministeriale n. 390 del 6 giugno 2017|Piemonte|Biella|Masserano|096032|MIUR|2017-10-02|||MASSERANO|COMUNE|0960320002|BIIC81200Q|BIMM81202T|SM A. SILVIO NOVARO|||No|45.591968|8.228527|Messa in sicurezza|Start||0,0000|699971,0000
Decreto Mutui BEI seconda annualità - Decreto Interministeriale n. 390 del 6 giugno 2017|Piemonte|Biella|Sandigliano|096059|MIUR|2017-10-02|||SANDIGLIANO|COMUNE|0960590002|BIIC80600C|BIEE80603L|SANDIGLIANO|||No|45.520740|8.077821|Messa in sicurezza|Start||0,0000|799963,7000
Decreto Mutui BEI seconda annualità - Decreto Interministeriale n. 390 del 6 giugno 2017|Sicilia|Messina|Alcara li Fusi|083001|MIUR|2017-10-02|||Alcara Li Fusi|COMUNE|0830013491|MEIC885004|MEMM885026|Sec. I - Donadei|||No|38.020729|14.700396|Non indicato|Start||0,0000|440000,0000
Decreto Mutui BEI seconda annualità - Decreto Interministeriale n. 390 del 6 giugno 2017|Sicilia|Trapani|Marsala|081011|MIUR|2017-10-02|||Marsala|PROVINCIA|0810112545|TPPS10000Q|TPPS10000Q|LIC. SCIENTIFICO "P.RUGGIERI" MARSALA|||No|37.807999|12.445756|Non indicato|Start||0,0000|800000,0000
Decreto Mutui BEI seconda annualità - Decreto Interministeriale n. 390 del 6 giugno 2017|Sicilia|Palermo|Alia|082001|MIUR|2017-10-02|||Alia|COMUNE|0820011889|PAIC82800N|PAEE82801Q|Primaria - Luigi Pirandello|||No|37.781640|13.714050|Non indicato|Start||0,0000|800000,0000
Decreto Mutui BEI seconda annualità - Decreto Interministeriale n. 390 del 6 giugno 2017|Sicilia|Caltanissetta|Gela|085007|MIUR|2017-10-02|||Gela|PROVINCIA|0850070888|CLTF020005|CLTF020005|SETTORE TECNOLOGICO "E. MORSELLI"|||No|37.076491|14.224699|Non indicato|Start||0,0000|330000,0000
Decreto Mutui BEI seconda annualità - Decreto Interministeriale n. 390 del 6 giugno 2017|Sicilia|Enna|Barrafranca|086004|MIUR|2017-10-02|||Barrafranca|PROVINCIA|0860042577|ENIS00200C|ENPS00201V|GIOVANNI FALCONE|||No|37.380964|14.208500|Non indicato|Start||0,0000|99900,0000
Decreto Mutui BEI seconda annualità - Decreto Interministeriale n. 390 del 6 giugno 2017|Sicilia|Trapani|Salaparuta|081017|MIUR|2017-10-02|||Salaparuta|COMUNE|0810172570|TPIC807004|TPMM807026|SC. MEDIA "PALUMBO"|||No|37.758731|13.011198|Non indicato|Start||0,0000|642862,9500
Decreto Mutui BEI seconda annualità - Decreto Interministeriale n. 390 del 6 giugno 2017|Sicilia|Trapani|Salemi|081018|MIUR|2017-10-02|||Salemi|COMUNE|||||||Si|37.817696|12.798795|Non indicato|Start||0,0000|350000,0000
Decreto Mutui BEI seconda annualità - Decreto Interministeriale n. 390 del 6 giugno 2017|Sicilia|Ragusa|Vittoria|088012|MIUR|2017-10-02|||Vittoria|COMUNE|0880120776|RGIC83400Q|RGMM83401R|S.M.S. " V.COLONNA "|||No|36.954742|14.529597|Non indicato|Start||0,0000|800000,0000
Decreto Mutui BEI seconda annualità - Decreto Interministeriale n. 390 del 6 giugno 2017|Sicilia|Catania|Aci Castello|087002|MIUR|2017-10-02|||Aci Castello|COMUNE|||||||Si|37.554939|15.146521|Non indicato|Start||0,0000|405000,0000
Decreto Mutui BEI seconda annualità - Decreto Interministeriale n. 390 del 6 giugno 2017|Sicilia|Palermo|Cefalù|082027|MIUR|2017-10-02|||Cefalù|COMUNE|0820274034|PAIC8AJ008|PAEE8AJ01A|NICOLA BOTTA = CEFALU`|||No|38.034512|14.021084|Non indicato|Start||0,0000|800000,0000
Decreto Mutui BEI seconda annualità - Decreto Interministeriale n. 390 del 6 giugno 2017|Sicilia|Enna|Piazza Armerina|086014|MIUR|2017-10-02|||Piazza Armerina|PROVINCIA|0860141846|ENIS017006|ENRF01701V|IPSS - Matilde Quattrino|||No|37.372160|14.378608|Non indicato|Start||0,0000|99500,0000
Decreto Mutui BEI seconda annualità - Decreto Interministeriale n. 390 del 6 giugno 2017|Sicilia|Palermo|Castelbuono|082022|MIUR|2017-10-02|||Castelbuono|COMUNE|0820221934|PAIC8AH003|PAEE8AH015|TEN.L.CORTINA = CASTELBUONO|||No|37.927804|14.091972|Non indicato|Start||0,0000|644940,0000
Decreto Mutui BEI seconda annualità - Decreto Interministeriale n. 390 del 6 giugno 2017|Sicilia|Messina|Moio Alcantara|083053|MIUR|2017-10-02|||Moio Alcantara|COMUNE|||||||Si|37.899612|15.049043|Non indicato|Start||0,0000|150000,0000
Decreto Mutui BEI seconda annualità - Decreto Interministeriale n. 390 del 6 giugno 2017|Sicilia|Palermo|Palermo|082053|MIUR|2017-10-02|||Provincia di Palermo|CITTAMETROPOLITANA|0820534742|PAIS027002|PATF02701E|ITI - Alessandro Volta|||No|38.104010|13.384571|Non indicato|Start||0,0000|100000,0000
Decreto Mutui BEI seconda annualità - Decreto Interministeriale n. 390 del 6 giugno 2017|Sicilia|Catania|Paternò|087033|MIUR|2017-10-02|||Paternò|COMUNE|0870330693|CTIC84500V|CTEE845022|CD IV PATERNO`|||No|37.576176|14.901115|Non indicato|Start||0,0000|800000,0000
Decreto Mutui BEI seconda annualità - Decreto Interministeriale n. 390 del 6 giugno 2017|Sicilia|Messina|Messina|083048|MIUR|2017-10-02|||Messina|COMUNE|0830482964|MEIC85900G|MEEE85903Q|VILLAGGIO ALDISIO|||No|38.169269|15.531036|Non indicato|Start||0,0000|800000,0000
Decreto Mutui BEI seconda annualità - Decreto Interministeriale n. 390 del 6 giugno 2017|Sicilia|Catania|Bronte|087009|MIUR|2017-10-02|||Bronte|COMUNE|0870090788|CTEE04800C|CTEE04801D|MAZZINI|||No|37.787977|14.831422|Non indicato|Start||0,0000|555000,0000
Decreto Mutui BEI seconda annualità - Decreto Interministeriale n. 390 del 6 giugno 2017|Sicilia|Palermo|Palermo|082053|MIUR|2017-10-02|||Palermo|CITTAMETROPOLITANA||PAIS02900N|PATD02901X|ITCG E TURISMO DUCA ABRUZZI - GRASSI|||No|38.143445|13.352739|Non indicato|Start||0,0000|100000,0000
Decreto Mutui BEI seconda annualità - Decreto Interministeriale n. 390 del 6 giugno 2017|Sicilia|Trapani|Castelvetrano|081006|MIUR|2017-10-02|||Castelvetrano|COMUNE|0810061931|TPIC84100G|TPEE84102P|G.VERGA|||No|37.683751|12.797248|Non indicato|Start||0,0000|800000,0000
Decreto Mutui BEI seconda annualità - Decreto Interministeriale n. 390 del 6 giugno 2017|Sicilia|Palermo|Baucina|082008|MIUR|2017-10-02|||Baucina|COMUNE|0820084372|PAIC812004|PAAA812011|BAUCINA|||No|37.927328|13.538423|Non indicato|Start||0,0000|99900,0000
Decreto Mutui BEI seconda annualità - Decreto Interministeriale n. 390 del 6 giugno 2017|Sicilia|Trapani|Trapani|081021|MIUR|2017-10-02|||Provincia di Trapani|PROVINCIA|0810212790|TPIS029005|TPPC02901C|LIC. CLASSICO STATALE   "L.XIMENES"|||No|38.015644|12.502434|Non indicato|Start||0,0000|800000,0000
Decreto Mutui BEI seconda annualità - Decreto Interministeriale n. 390 del 6 giugno 2017|Sicilia|Messina|Messina|083048|MIUR|2017-10-02|||Messina|CITTAMETROPOLITANA|0830483217|MEIC87300T|MEMM87301V|G. PASCOLI|||No|38.199527|15.555614|Non indicato|Start||0,0000|800000,0000
Decreto Mutui BEI seconda annualità - Decreto Interministeriale n. 390 del 6 giugno 2017|Sicilia|Palermo|San Cipirello|082063|MIUR|2017-10-02|||San Cipirello|COMUNE|0820632264|PAIC81500G|PAMM81501L|Sec. I - G. Caronia|||No|37.964407|13.173911|Non indicato|Start||0,0000|784000,0000
Decreto Mutui BEI seconda annualità - Decreto Interministeriale n. 390 del 6 giugno 2017|Sicilia|Agrigento|Grotte|084018|MIUR|2017-10-02|||Grotte|COMUNE|0840181531|AGIC83200B|AGEE83201D|RONCALLI|||No|37.402177|13.695702|Non indicato|Start||0,0000|320000,0000
Decreto Mutui BEI seconda annualità - Decreto Interministeriale n. 390 del 6 giugno 2017|Sicilia|Palermo|Bompietro|082012|MIUR|2017-10-02|||Bompietro|COMUNE|0820121875|PAIC83000N|PAAA83005P|VIA CHIUSA ALVANI = BOMPIETRO|||No|37.745457|14.098602|Non indicato|Start||0,0000|100000,0000
Decreto Mutui BEI seconda annualità - Decreto Interministeriale n. 390 del 6 giugno 2017|Sicilia|Messina|Messina|083048|MIUR|2017-10-02|||Messina|COMUNE|0830483133|MEIC893003|MEMM893014|"VERONA TRENTO" ME|||No|38.195057|15.553225|Non indicato|Start||0,0000|800000,0000
Decreto Mutui BEI seconda annualità - Decreto Interministeriale n. 390 del 6 giugno 2017|Sicilia|Trapani|Valderice|081022|MIUR|2017-10-02|||Valderice|COMUNE|||||||Si|38.039894|12.616806|Non indicato|Start||0,0000|94852,3200
Decreto Mutui BEI seconda annualità - Decreto Interministeriale n. 390 del 6 giugno 2017|Sicilia|Messina|Villafranca Tirrena|083105|MIUR|2017-10-02|||Villafranca Tirrena|COMUNE|0831053096|MEIC819005|MEMM819016|Sec. I - Leonardo Da Vinci|||No|38.239649|15.435852|Non indicato|Start||0,0000|270000,0000
Decreto Mutui BEI seconda annualità - Decreto Interministeriale n. 390 del 6 giugno 2017|Sicilia|Agrigento|Licata|084021|MIUR|2017-10-02|||Licata|COMUNE|0840211121|AGIC833007|AGEE83303B|DON LORENZO MILANI|||No|37.111582|13.929815|Non indicato|Start||0,0000|593252,5100
Decreto Mutui BEI seconda annualità - Decreto Interministeriale n. 390 del 6 giugno 2017|Sicilia|Trapani|Santa Ninfa|081019|MIUR|2017-10-02|||Santa Ninfa|COMUNE|0810192013|TPIC807004|TPMM807015|SC. MEDIA  "L.CAPUANA"|||No|37.770615|12.880904|Non indicato|Start||0,0000|799750,0000
Decreto Mutui BEI seconda annualità - Decreto Interministeriale n. 390 del 6 giugno 2017|Sicilia|Ragusa|Vittoria|088012|MIUR|2017-10-02|||Vittoria|COMUNE|0880120932|RGIC802008|RGMM802019|Sec. I - Leonardo Sciascia|||No|36.890244|14.432573|Non indicato|Start||0,0000|799008,9600
Decreto Mutui BEI seconda annualità - Decreto Interministeriale n. 390 del 6 giugno 2017|Sicilia|Palermo|Bagheria|082006|MIUR|2017-10-02|||Bagheria|CITTAMETROPOLITANA|0820063890|PAPC01000V|PAPC01000V|LC - F. Scaduto|||No|38.084687|13.503718|Non indicato|Start||0,0000|300000,0000
Decreto Mutui BEI seconda annualità - Decreto Interministeriale n. 390 del 6 giugno 2017|Sicilia|Messina|Terme Vigliatore|083106|MIUR|2017-10-02|||Terme Vigliatore|COMUNE|0831063725|MEIC85700X|MEEE857034|S. BIAGIO|||No|38.130358|15.146639|Non indicato|Start||0,0000|742197,6700
Decreto Mutui BEI seconda annualità - Decreto Interministeriale n. 390 del 6 giugno 2017|Sicilia|Catania|Bronte|087009|MIUR|2017-10-02|||Bronte|COMUNE|0870091219|CTEE04700L|CTEE04701N|CD   I   BRONTE|||No|37.786884|14.834480|Non indicato|Start||0,0000|515000,0000
Decreto Mutui BEI seconda annualità - Decreto Interministeriale n. 390 del 6 giugno 2017|Sicilia|Messina|Milazzo|083049|MIUR|2017-10-02|||Milazzo|COMUNE|0830493135|MEIC8AA00E|MEMM8AA01G|S.M."RIZZO" MILAZZO|||No|38.22200|15.23760|Non indicato|Start||0,0000|361472,8700
Decreto Mutui BEI seconda annualità - Decreto Interministeriale n. 390 del 6 giugno 2017|Sicilia|Palermo|Prizzi|082060|MIUR|2017-10-02|||Prizzi|COMUNE|||||||Si|37.721421|13.432828|Non indicato|Start||0,0000|137700,0000
Decreto Mutui BEI seconda annualità - Decreto Interministeriale n. 390 del 6 giugno 2017|Sicilia|Trapani|Santa Ninfa|081019|MIUR|2017-10-02|||Santa Ninfa|COMUNE|0810192016|TPIC807004|TPEE807016|SCUOLA PRIMARIA "A. ROSMINI"|||No|37.766955|12.881468|Non indicato|Start||0,0000|799500,0000
Decreto Mutui BEI seconda annualità - Decreto Interministeriale n. 390 del 6 giugno 2017|Sicilia|Messina|Giardini-Naxos|083032|MIUR|2017-10-02|||Giardini-Naxos|COMUNE|0830323661|MEIC83300B|MEEE83302E|"A. CACCIOLA" - CENTRO|||No|37.837472|15.271703|Non indicato|Start||0,0000|336000,0000
Decreto Mutui BEI seconda annualità - Decreto Interministeriale n. 390 del 6 giugno 2017|Sicilia|Ragusa|Ispica|088005|MIUR|2017-10-02|||Ispica|COMUNE|0880052305|RGIC83000C|RGEE83001E|PADRE PIO DA PIETRALCINA|||No|36.786960|14.903345|Non indicato|Start||0,0000|425000,0000
Decreto Mutui BEI seconda annualità - Decreto Interministeriale n. 390 del 6 giugno 2017|Sicilia|Messina|Messina|083048|MIUR|2017-10-02|||Messina|COMUNE|0830483329|MEIC864003|MEEE864037|FRAZ. BISCONTE|||No|38.190332|15.532853|Non indicato|Start||0,0000|800000,0000
Decreto Mutui BEI seconda annualità - Decreto Interministeriale n. 390 del 6 giugno 2017|Toscana|Firenze|Firenze|048017|MIUR|2017-10-02|||Firenze|CITTAMETROPOLITANA|0480170373|FIIS004008|FIRF004011|ELSA MORANTE|||No|43.754375|11.296051|Non indicato|Start||0,0000|1239668,2100
Decreto Mutui BEI seconda annualità - Decreto Interministeriale n. 390 del 6 giugno 2017|Toscana|Arezzo|Cortona|051017|MIUR|2017-10-02|||CORTONA|COMUNE|0510170045||||||No|43.260830|11.984467|Non indicato|Start||0,0000|2000000,0000
Decreto Mutui BEI seconda annualità - Decreto Interministeriale n. 390 del 6 giugno 2017|Toscana|Pisa|Capannoli|050005|MIUR|2017-10-02|||CAPANNOLI|COMUNE|0500050001|PIIC82800B|PIAA828018|Infanzia - Via Togliatti|||No|43.58756|10.67487|Non indicato|Start||0,0000|700000,0000
Decreto Mutui BEI seconda annualità - Decreto Interministeriale n. 390 del 6 giugno 2017|Toscana|Pistoia|Agliana|047002|MIUR|2017-10-02|||AGLIANA|COMUNE|0470020007|PTIC808005|PTMM808016|Sec. I - Bartolomeo Sestini|||No|43.904533|11.006831|Non indicato|Start||0,0000|700000,0000
Decreto Mutui BEI seconda annualità - Decreto Interministeriale n. 390 del 6 giugno 2017|Toscana|Pisa|San Miniato|050032|MIUR|2017-10-02|||San Miniato|PROVINCIA|0500320300|PITD070007|PITD070007|CARLO CATTANEO|||No|43.676938|10.845007|Non indicato|Start||0,0000|700000,0000
Decreto Mutui BEI seconda annualità - Decreto Interministeriale n. 390 del 6 giugno 2017|Toscana|Pistoia|Uzzano|047021|MIUR|2017-10-02|||UZZANO|COMUNE|0470210003|PTIC824003|PTEE824037|Primaria - Argene Bartolozzi|||No|43.875565|10.71211|Non indicato|Start||0,0000|324885,6000
Decreto Mutui BEI seconda annualità - Decreto Interministeriale n. 390 del 6 giugno 2017|Toscana|Pisa|Crespina Lorenzana|050041|MIUR|2017-10-02|||CRESPINA LORENZANA|COMUNE|0500410204|PIIC829007|PIMM82903A|ERSILIO COZZI|||No|43.571518|10.567670|Non indicato|Start||0,0000|1530415,0000
Decreto Mutui BEI seconda annualità - Decreto Interministeriale n. 390 del 6 giugno 2017|Toscana|Firenze|Firenze|048017|MIUR|2017-10-02|||FIRENZE|COMUNE|0480170056|FIIC854005|FIEE854017|VILLANI|||No|43.760316|11.285158|Non indicato|Start||0,0000|600000,0000
Decreto Mutui BEI seconda annualità - Decreto Interministeriale n. 390 del 6 giugno 2017|Toscana|Pisa|Volterra|050039|MIUR|2017-10-02|||VOLTERRA|COMUNE|0500390402|PIIC84200N|PIEE84203T|SALINE|||No|43.362148|10.813829|Non indicato|Start||0,0000|567282,8400
Decreto Mutui BEI seconda annualità - Decreto Interministeriale n. 390 del 6 giugno 2017|Toscana|Livorno|Marciana|049010|MIUR|2017-10-02|||MARCIANA|COMUNE|0490100025|LIIC803009|LIMM80302B|LUPI GIUSTO BRUNO|||No|42.789851|10.16863|Non indicato|Start||0,0000|184254,7200
Decreto Mutui BEI seconda annualità - Decreto Interministeriale n. 390 del 6 giugno 2017|Toscana|Firenze|Montelupo Fiorentino|048028|MIUR|2017-10-02|||MONTELUPO FIORENTINO|COMUNE|0480280008|FIIC811007|FIEE81106E|Primaria - Margherita Hack 2|||No|43.731252|11.007809|Non indicato|Start||0,0000|2000000,0000
Decreto Mutui BEI seconda annualità - Decreto Interministeriale n. 390 del 6 giugno 2017|Toscana|Firenze|Rufina|048037|MIUR|2017-10-02|||RUFINA|COMUNE|0480370002|FIIC83000L|FIAA83002E|L.CARROLL|||No|43.825297|11.483089|Non indicato|Start||0,0000|670537,3900
Decreto Mutui BEI seconda annualità - Decreto Interministeriale n. 390 del 6 giugno 2017|Toscana|Prato|Prato|100005|MIUR|2017-10-02|||PRATO|COMUNE|1000050155||||||No|43.903188|11.089562|Non indicato|Start||0,0000|2000000,0000
Decreto Mutui BEI seconda annualità - Decreto Interministeriale n. 390 del 6 giugno 2017|Toscana|Lucca|Pieve Fosciana|046025|MIUR|2017-10-02|||PIEVE FOSCIANA|COMUNE|0460255000|LUIC82500L|LUEE82502Q|Primaria - Carlo De Stefani|||No|44.133154|10.412888|Non indicato|Start||0,0000|156171,6400
Decreto Mutui BEI seconda annualità - Decreto Interministeriale n. 390 del 6 giugno 2017|Toscana|Firenze|Barberino Val d`Elsa|048003|MIUR|2017-10-02|||BARBERINO VAL D`ELSA|COMUNE|0480030001|FIIC81900T|FIAA81901P|MARCIALLA|||No|43.576889|11.14144|Non indicato|Start||0,0000|550000,0000
Decreto Mutui BEI seconda annualità - Decreto Interministeriale n. 390 del 6 giugno 2017|Toscana|Firenze|Vaglia|048046|MIUR|2017-10-02|||VAGLIA|COMUNE|0480460004|FIIC820002|FIMM820024|SCUOLA SEC.I? PRATOLINO|||No|43.862691|11.295742|Non indicato|Start||0,0000|700000,0000
Decreto Mutui BEI seconda annualità - Decreto Interministeriale n. 390 del 6 giugno 2017|Valle d`Aosta/Vallée d`Aoste|Valle d`Aosta/Vallée d`Aoste|Issogne|007037|MIUR|2017-10-02|||ISSOGNE|COMUNE||AOEE016000|AOEE016030|Primaria - Issogne|||Si|45.660824|7.677468|Non indicato|Start||0,0000|3200000,0000
Decreto Mutui BEI seconda annualità - Decreto Interministeriale n. 390 del 6 giugno 2017|Veneto|Treviso|Farra di Soligo|026026|MIUR|2017-10-02|||FARRA DI SOLIGO|COMUNE|0260262816|TVIC84300N|TVEE84302R|Primaria - Via Treviset|||No|45.894440|12.085197|Non indicato|Start||0,0000|2000000,0000
Decreto Mutui BEI seconda annualità - Decreto Interministeriale n. 390 del 6 giugno 2017|Veneto|Belluno|Mel|025034|MIUR|2017-10-02|||MEL|COMUNE||BLIC80900T|BLMM80901V|"MARCO DA MELO" MEL|||No|46.061481|12.083311|Non indicato|Start||0,0000|1904434,0800
Decreto Mutui BEI seconda annualità - Decreto Interministeriale n. 390 del 6 giugno 2017|Veneto|Vicenza|Nove|024073|MIUR|2017-10-02|||NOVE|COMUNE|0240733334|VIIC82200X|VIEE822045|SC. ELEM. "MANZONI"|||No|45.724180|11.675877|Non indicato|Start||0,0000|1909252,4600
Decreto Mutui BEI seconda annualità - Decreto Interministeriale n. 390 del 6 giugno 2017|Veneto|Treviso|Vedelago|026089|MIUR|2017-10-02|||VEDELAGO|COMUNE|||||||Si|45.686592|12.018027|Non indicato|Start||0,0000|1504160,4800
Decreto Mutui BEI seconda annualità - Decreto Interministeriale n. 390 del 6 giugno 2017|Veneto|Treviso|Refrontolo|026065|MIUR|2017-10-02|||REFRONTOLO|COMUNE|0260652311|TVIC84200T|TVEE842054|Primaria - Tito Minniti|||No|45.925155|12.208688|Non indicato|Start||0,0000|169269,6300
Decreto Mutui BEI seconda annualità - Decreto Interministeriale n. 390 del 6 giugno 2017|Veneto|Verona|Sona|023083|MIUR|2017-10-02|||SONA|COMUNE|0230832258|VRIC83800T|VREE83801X|Primaria - Silvio Pellico|||No|45.431968|10.896126|Non indicato|Start||0,0000|2000000,0000
Decreto Mutui BEI seconda annualità - Decreto Interministeriale n. 390 del 6 giugno 2017|Veneto|Vicenza|Sarego|024098|MIUR|2017-10-02|||SAREGO|COMUNE|0240982864|VIIC813005|VIAA813034|IC SAREGO - MONT.FARA|||No|45.428249|11.390540|Non indicato|Start||0,0000|750000,0000
Decreto Mutui BEI seconda annualità - Decreto Interministeriale n. 390 del 6 giugno 2017|Veneto|Padova|Borgoricco|028013|MIUR|2017-10-02|||BORGORICCO|COMUNE|0280131356|PDIC861005|PDMM861016|Sec. I° - Borgoricco|||No|45.535440|11.970179|Non indicato|Start||0,0000|1751578,8800
Decreto Mutui BEI seconda annualità - Decreto Interministeriale n. 390 del 6 giugno 2017|Veneto|Vicenza|Grumolo delle Abbadesse|024047|MIUR|2017-10-02|||GRUMOLO DELLE ABBADESSE|COMUNE|0240471699|VIIC863006|VIMM863028|SMS  GRUMOLO DELLE ABBADESSE|||No|45.499460|11.670765|Non indicato|Start||0,0000|1716162,4200
Decreto Mutui BEI seconda annualità - Decreto Interministeriale n. 390 del 6 giugno 2017|Veneto|Vicenza|Valdastico|024112|MIUR|2017-10-02|||VALDASTICO|COMUNE|0241123461|VIIC85200Q|VIAA85204Q|IC ARSIERO -VALDASTICO|||Si|45.885064|11.363182|Non indicato|Start||0,0000|1648400,0000
Decreto Mutui BEI seconda annualità - Decreto Interministeriale n. 390 del 6 giugno 2017|Veneto|Treviso|Castello di Godego|026013|MIUR|2017-10-02|||CASTELLO DI GODEGO|COMUNE|0260132473|TVIC824008|TVMM82402A|SMS CASTELLO DI GODEGO (I.C.) |||No|45.692834|11.883398|Non indicato|Start||0,0000|1827988,8000
Decreto Mutui BEI seconda annualità - Decreto Interministeriale n. 390 del 6 giugno 2017|Veneto|Belluno|Alano di Piave|025002|MIUR|2017-10-02|||ALANO DI PIAVE|COMUNE|0250023417|BLIC81300D|BLEE81302L|"E. DE AMICIS" - ALANO DI PIAVE|||No|45.907572|11.908832|Non indicato|Start||0,0000|273613,4500
Decreto Mutui BEI seconda annualità - Decreto Interministeriale n. 390 del 6 giugno 2017|Veneto|Vicenza|Alonte|024003|MIUR|2017-10-02|||ALONTE|COMUNE|0240032849|VIIC814001|VIAA814041|GIOVANNI XXIII|||No|45.366159|11.426345|Non indicato|Start||0,0000|1915421,0300
Decreto Mutui BEI seconda annualità - Decreto Interministeriale n. 390 del 6 giugno 2017|Veneto|Treviso|Miane|026042|MIUR|2017-10-02|||MIANE|COMUNE|||||||Si|45.942440|12.090783|Non indicato|Start||0,0000|238354,4400
Decreto Mutui BEI seconda annualità - Decreto Interministeriale n. 390 del 6 giugno 2017|Veneto|Rovigo|Taglio di Po|029046|MIUR|2017-10-02|||TAGLIO DI PO|COMUNE|0290462153|ROIC80500N|ROMM80501P|E.MAESTRI - TAGLIO DI PO|||No|45.004456|12.217000|Non indicato|Start||0,0000|495029,6300
Decreto Mutui BEI seconda annualità - Decreto Interministeriale n. 390 del 6 giugno 2017|Veneto|Verona|Minerbe|023048|MIUR|2017-10-02|||MINERBE|COMUNE|0230483120|VRIC84200D|VRMM84201E|MINERBE - "B. BARBARANI"|||No|45.238044|11.341480|Non indicato|Start||0,0000|573754,9700
Decreto Mutui BEI seconda annualità - Decreto Interministeriale n. 390 del 6 giugno 2017|Campania|Salerno|Corleto Monforte|065048|MIUR|2017-10-02|||CORLETO MONFORTE|COMUNE|||||||No|40.437768|15.378283|Ristrutturazione|Start||0,0000|736511,1700
Decreto Mutui BEI seconda annualità - Decreto Interministeriale n. 390 del 6 giugno 2017|Sardegna|Sud Sardegna|Iglesias|111035|MIUR|2017-10-02|||Iglesias|PROVINCIA|1110351219|CAIS02700R|CATF027019|I.T.MINERARIO "ASPRONI" IGLESIAS|||No|39.311300|8.531746|-|Start||0,0000|400000,0000
Decreto Mutui BEI seconda annualità - Decreto Interministeriale n. 390 del 6 giugno 2017|Sardegna|Sassari|Sassari|090064|MIUR|2017-10-02|||Sassari|PROVINCIA|0900641865|SSSD020006|SSSD020006|LICEO ARTISTICO - FILIPPO FIGARI SASSARI|||No|40.720774|8.562597|-|Start||0,0000|420000,0000
Decreto Mutui BEI seconda annualità - Decreto Interministeriale n. 390 del 6 giugno 2017|Sardegna|Cagliari|Quartu Sant`Elena|092051|MIUR|2017-10-02|||Quartu Sant`Elena|PROVINCIA|0920511260|CAPC09000E|CAPC09000E|LICEO CLASS. LING. E SC. UM."B.R. MOTZO"|||No|39.238799|9.180331|-|Start||0,0000|400000,0000
Decreto Mutui BEI seconda annualità - Decreto Interministeriale n. 390 del 6 giugno 2017|Sardegna|Sassari|Alghero|090003|MIUR|2017-10-02|||Alghero|PROVINCIA|0900031364|SSIS01800A|SSRH01802G|I.P.S.A.R. - PIAZZA SULIS - ALGHERO|||No|40.556444|8.317709|-|Start||0,0000|330000,0000
Decreto Mutui BEI seconda annualità - Decreto Interministeriale n. 390 del 6 giugno 2017|Sardegna|Sud Sardegna|San Basilio|111061|MIUR|2017-10-02|||San Basilio|COMUNE|1110610805|CAIC88500L|CAMM885081|SAN BASILIO|||No|39.539477|9.197547|-|Start||0,0000|75000,0000
Decreto Mutui BEI seconda annualità - Decreto Interministeriale n. 390 del 6 giugno 2017|Sardegna|Cagliari|Cagliari|092009|MIUR|2017-10-02|||Cagliari|COMUNE|0920090419|CAIC86400G|CAMM86401L|LEOPARDI  (PIRRI)|||No|39.245287|9.132636|-|Start||0,0000|400000,0000
Decreto Mutui BEI seconda annualità - Decreto Interministeriale n. 390 del 6 giugno 2017|Sardegna|Cagliari|Cagliari|092009|MIUR|2017-10-02|||Cagliari|PROVINCIA|0920090576|CAPS050007|CAPS050007|ANTONIO PACINOTTI|||No|39.229053|9.118342|-|Start||0,0000|400000,0000
Decreto Mutui BEI seconda annualità - Decreto Interministeriale n. 390 del 6 giugno 2017|Sardegna|Sassari|Ossi|090051|MIUR|2017-10-02|||Ossi|COMUNE|0900510363|SSIC813003|SSMM813014|OSSI - S.M. "G. PILO"|||No|40.674956|8.589505|-|Start||0,0000|330000,0000
Decreto Mutui BEI seconda annualità - Decreto Interministeriale n. 390 del 6 giugno 2017|Sardegna|Sud Sardegna|Carbonia|111009|MIUR|2017-10-02|||Carbonia|PROVINCIA|1110091189|CATD020007|CATD020007|G. M. ANGIOJ  CARBONIA|||No|39.166284|8.514444|-|Start||0,0000|400000,0000
Decreto Mutui BEI seconda annualità - Decreto Interministeriale n. 390 del 6 giugno 2017|Sardegna|Cagliari|Sestu|092074|MIUR|2017-10-02|||Sestu|COMUNE|0920740219|CAIC89400B|CAEE89401D|GIANNI RODARI|||No|39.295011|9.091859|-|Start||0,0000|400000,0000
Decreto Mutui BEI seconda annualità - Decreto Interministeriale n. 390 del 6 giugno 2017|Sardegna|Cagliari|Sestu|092074|MIUR|2017-10-02|||Sestu|COMUNE|0920740218|CAEE033002|CAEE033013|SESTU 1|||No|39.302829|9.090422|-|Start||0,0000|400000,0000
Decreto Mutui BEI seconda annualità - Decreto Interministeriale n. 390 del 6 giugno 2017|Sardegna|Cagliari|Sestu|092074|MIUR|2017-10-02|||Sestu|COMUNE|0920740602|CAEE033002|CAEE033046|VIA VERDI|||No|39.306884|9.096430|-|Start||0,0000|398000,0000
Decreto Mutui BEI seconda annualità - Decreto Interministeriale n. 390 del 6 giugno 2017|Sardegna|Cagliari|Cagliari|092009|MIUR|2017-10-02|||Cagliari|COMUNE|0920090160|CAIC81200V|CAEE812033|VIA IS GUADAZZONIS|||No|39.210121|9.139277|-|Start||0,0000|330000,0000
Decreto Mutui BEI seconda annualità - Decreto Interministeriale n. 390 del 6 giugno 2017|Sardegna|Cagliari|Cagliari|092009|MIUR|2017-10-02|||Cagliari|COMUNE|0920090152|CAIC86400G|CAEE86402P|E.TOTI -PIRRI 2|||No|39.251149|9.121433|-|Start||0,0000|400000,0000
